流水序,Unicode,常用字
00001,4e00,一
00002,4e01,丁
00003,4e03,七
00004,4e09,三
00005,4e0b,下
00006,4e08,丈
00007,4e0a,上
00008,4e11,丑
00009,4e10,丐
00010,4e0d,不
00011,4e19,丙
00012,4e16,世
00013,4e15,丕
00014,4e14,且
00015,4e18,丘
00016,4e1e,丞
00017,4e1f,丟
00018,4e26,並
00019,4e2b,丫
00020,4e2d,中
00021,4e32,串
00022,4e38,丸
00023,51e1,凡
00024,4e39,丹
00025,4e3b,主
00026,4e43,乃
00027,4e45,久
00028,4e48,么
00029,4e4b,之
00030,5c39,尹
00031,4e4d,乍
00032,4e4f,乏
00033,4e4e,乎
00034,4e52,乒
00035,4e53,乓
00036,4e56,乖
00037,4e58,乘
00038,4e59,乙
00039,4e5d,九
00040,4e5f,也
00041,4e5e,乞
00042,4e69,乩
00043,4e73,乳
00044,4e7e,乾
00045,4e82,亂
00046,4e86,了
00047,4e88,予
00048,4e8b,事
00049,4e8c,二
00050,4e8e,于
00051,4e91,云
00052,4e95,井
00053,4e92,互
00054,4e94,五
00055,4e99,亙
00056,4e9b,些
00057,4e9e,亞
00058,4e9f,亟
00059,4ea1,亡
00060,4ea4,交
00061,4ea6,亦
00062,4ea5,亥
00063,4ea8,亨
00064,4eab,享
00065,4eac,京
00066,4ead,亭
00067,4eae,亮
00068,4eba,人
00069,4ec1,仁
00070,4ec0,什
00071,4ec3,仃
00072,4ec6,仆
00073,4ec7,仇
00074,4ecd,仍
00075,4eca,今
00076,4ecb,介
00077,4ec4,仄
00078,4ee5,以
00079,4ed8,付
00080,4ed4,仔
00081,4ed5,仕
00082,4ed6,他
00083,4ed7,仗
00084,4ee3,代
00085,4ee4,令
00086,4ed9,仙
00087,4ede,仞
00088,4eff,仿
00089,4f09,伉
00090,4f19,伙
00091,4f0a,伊
00092,4f15,伕
00093,4f0d,伍
00094,4f10,伐
00095,4f11,休
00096,4f0f,伏
00097,4ef2,仲
00098,4ef6,件
00099,4efb,任
00100,4ef0,仰
00101,4ef3,仳
00102,4efd,份
00103,4f01,企
00104,4f4d,位
00105,4f4f,住
00106,4f47,佇
00107,4f57,佗
00108,4f5e,佞
00109,4f34,伴
00110,4f5b,佛
00111,4f55,何
00112,4f30,估
00113,4f50,佐
00114,4f51,佑
00115,4f3d,伽
00116,4f3a,伺
00117,4f38,伸
00118,4f43,佃
00119,4f54,佔
00120,4f3c,似
00121,4f46,但
00122,4f63,佣
00123,4f5c,作
00124,4f60,你
00125,4f2f,伯
00126,4f4e,低
00127,4f36,伶
00128,4f59,余
00129,4f5d,佝
00130,4f6f,佯
00131,4f9d,依
00132,4f8d,侍
00133,4f73,佳
00134,4f7f,使
00135,4f6c,佬
00136,4f9b,供
00137,4f8b,例
00138,4f86,來
00139,4f83,侃
00140,4f70,佰
00141,4f75,併
00142,4f88,侈
00143,4f69,佩
00144,4f7b,佻
00145,4f96,侖
00146,4f7e,佾
00147,4f8f,侏
00148,4fe1,信
00149,4fb5,侵
00150,4faf,侯
00151,4fbf,便
00152,4fe0,俠
00153,4fd1,俑
00154,4fcf,俏
00155,4fdd,保
00156,4fc3,促
00157,4fb6,侶
00158,4fd8,俘
00159,4fdf,俟
00160,4fca,俊
00161,4fd7,俗
00162,4fae,侮
00163,4fd0,俐
00164,4fc4,俄
00165,4fc2,係
00166,4fda,俚
00167,4fce,俎
00168,4fde,俞
00169,500c,倌
00170,500d,倍
00171,5023,倣
00172,4fef,俯
00173,5026,倦
00174,5025,倥
00175,4ff8,俸
00176,5029,倩
00177,5016,倖
00178,5006,倆
00179,503c,值
00180,501f,借
00181,501a,倚
00182,5012,倒
00183,5011,們
00184,4ffa,俺
00185,5000,倀
00186,5014,倔
00187,5028,倨
00188,4ff1,俱
00189,5021,倡
00190,500b,個
00191,5019,候
00192,5018,倘
00193,4ff3,俳
00194,4fee,修
00195,502d,倭
00196,502a,倪
00197,4ffe,俾
00198,502b,倫
00199,5009,倉
00200,507a,偺
00201,507d,偽
00202,505c,停
00203,5047,假
00204,5043,偃
00205,504c,偌
00206,505a,做
00207,5049,偉
00208,5065,健
00209,5076,偶
00210,504e,偎
00211,5055,偕
00212,5075,偵
00213,5074,側
00214,5077,偷
00215,504f,偏
00216,500f,倏
00217,50a2,傢
00218,508d,傍
00219,5085,傅
00220,5099,備
00221,5091,傑
00222,5080,傀
00223,5096,傖
00224,5098,傘
00225,50ad,傭
00226,50b5,債
00227,50b2,傲
00228,50b3,傳
00229,50c5,僅
00230,50be,傾
00231,50ac,催
00232,50b7,傷
00233,50bb,傻
00234,50af,傯
00235,50e7,僧
00236,50ee,僮
00237,50e5,僥
00238,50d6,僖
00239,50ed,僭
00240,50da,僚
00241,50d5,僕
00242,50cf,像
00243,50d1,僑
00244,50f1,僱
00245,5104,億
00246,5100,儀
00247,50fb,僻
00248,50f5,僵
00249,50f9,價
00250,5102,儂
00251,5108,儈
00252,5109,儉
00253,5112,儒
00254,5118,儘
00255,5114,儔
00256,5110,儐
00257,512a,優
00258,511f,償
00259,5121,儡
00260,5132,儲
00261,5137,儷
00262,513c,儼
00263,5140,兀
00264,5143,元
00265,5141,允
00266,5145,充
00267,5144,兄
00268,5149,光
00269,5147,兇
00270,5146,兆
00271,5148,先
00272,514c,兌
00273,514b,克
00274,5155,兕
00275,514d,免
00276,5154,兔
00277,5152,兒
00278,5157,兗
00279,515c,兜
00280,5162,兢
00281,5165,入
00282,5167,內
00283,5168,全
00284,5169,兩
00285,516b,八
00286,516d,六
00287,516e,兮
00288,516c,公
00289,5171,共
00290,5175,兵
00291,5177,具
00292,5176,其
00293,5178,典
00294,517c,兼
00295,5180,冀
00296,5189,冉
00297,518a,冊
00298,518d,再
00299,5192,冒
00300,5191,冑
00301,5195,冕
00302,6700,最
00303,5197,冗
00304,51a0,冠
00305,51a4,冤
00306,51a5,冥
00307,51a2,冢
00308,51ac,冬
00309,51b0,冰
00310,51b6,冶
00311,51b7,冷
00312,51bd,冽
00313,51cd,凍
00314,51cc,凌
00315,51c6,准
00316,51cb,凋
00317,51dc,凜
00318,51dd,凝
00319,51e0,几
00320,51f0,凰
00321,51f1,凱
00322,51f3,凳
00323,51f6,凶
00324,51f9,凹
00325,51fa,出
00326,51f8,凸
00327,51fd,函
00328,5200,刀
00329,5201,刁
00330,5203,刃
00331,5206,分
00332,5207,切
00333,5208,刈
00334,520a,刊
00335,5217,列
00336,5211,刑
00337,5212,划
00338,520e,刎
00339,5225,別
00340,5224,判
00341,5229,利
00342,522a,刪
00343,5228,刨
00344,523b,刻
00345,5238,券
00346,5237,刷
00347,523a,刺
00348,5230,到
00349,522e,刮
00350,5236,制
00351,5241,剁
00352,524e,剎
00353,5243,剃
00354,524a,削
00355,524d,前
00356,524c,剌
00357,524b,剋
00358,5247,則
00359,5256,剖
00360,525c,剜
00361,5254,剔
00362,525b,剛
00363,525d,剝
00364,526a,剪
00365,526f,副
00366,5272,割
00367,5274,剴
00368,5275,創
00369,5269,剩
00370,527f,剿
00371,5277,剷
00372,527d,剽
00373,5283,劃
00374,5287,劇
00375,5288,劈
00376,5289,劉
00377,528d,劍
00378,5291,劑
00379,529b,力
00380,52a0,加
00381,529f,功
00382,52a3,劣
00383,52ab,劫
00384,52a9,助
00385,52aa,努
00386,52ac,劬
00387,52be,劾
00388,52c7,勇
00389,52c9,勉
00390,52c3,勃
00391,52c1,勁
00392,52d2,勒
00393,52d9,務
00394,52d8,勘
00395,52d5,動
00396,52de,勞
00397,52dd,勝
00398,52db,勛
00399,52df,募
00400,52e6,勦
00401,52e4,勤
00402,52e2,勢
00403,52f5,勵
00404,52f8,勸
00405,52fb,勻
00406,52fe,勾
00407,52ff,勿
00408,5305,包
00409,5306,匆
00410,5308,匈
00411,530d,匍
00412,5310,匐
00413,530f,匏
00414,5315,匕
00415,5316,化
00416,5317,北
00417,5319,匙
00418,531d,匝
00419,5321,匡
00420,5320,匠
00421,5323,匣
00422,532a,匪
00423,532f,匯
00424,5331,匱
00425,5339,匹
00426,533f,匿
00427,5340,區
00428,533e,匾
00429,5341,十
00430,5343,千
00431,5348,午
00432,5347,升
00433,5345,卅
00434,4edf,仟
00435,534a,半
00436,5349,卉
00437,5352,卒
00438,5354,協
00439,5353,卓
00440,5351,卑
00441,5357,南
00442,535a,博
00443,535c,卜
00444,535e,卞
00445,5361,卡
00446,5360,占
00447,5366,卦
00448,536f,卯
00449,536e,卮
00450,5370,印
00451,5371,危
00452,5373,即
00453,5375,卵
00454,5377,卷
00455,5378,卸
00456,5379,卹
00457,537b,卻
00458,537f,卿
00459,5384,厄
00460,539a,厚
00461,539f,原
00462,539d,厝
00463,53a5,厥
00464,53ad,厭
00465,53b2,厲
00466,53bb,去
00467,53c3,參
00468,53c8,又
00469,53c9,叉
00470,53cb,友
00471,53ca,及
00472,53cd,反
00473,53d6,取
00474,53d4,叔
00475,53d7,受
00476,53db,叛
00477,53df,叟
00478,66fc,曼
00479,53e2,叢
00480,53e3,口
00481,53ef,可
00482,53e4,古
00483,53f3,右
00484,53ec,召
00485,53ee,叮
00486,53e9,叩
00487,53e8,叨
00488,53fc,叼
00489,53f8,司
00490,53f5,叵
00491,53eb,叫
00492,53e6,另
00493,53ea,只
00494,53f2,史
00495,53f1,叱
00496,53f0,台
00497,53e5,句
00498,53ed,叭
00499,5409,吉
00500,540f,吏
00501,540c,同
00502,540a,吊
00503,5410,吐
00504,5401,吁
00505,540b,吋
00506,5404,各
00507,5411,向
00508,540d,名
00509,5408,合
00510,5403,吃
00511,540e,后
00512,5406,吆
00513,5412,吒
00514,541d,吝
00515,542d,吭
00516,541e,吞
00517,543e,吾
00518,5426,否
00519,544e,呎
00520,5427,吧
00521,5446,呆
00522,5443,呃
00523,5433,吳
00524,5448,呈
00525,5442,呂
00526,541b,君
00527,5429,吩
00528,544a,告
00529,5439,吹
00530,543b,吻
00531,5438,吸
00532,542e,吮
00533,5435,吵
00534,5436,吶
00535,5420,吠
00536,543c,吼
00537,5440,呀
00538,5431,吱
00539,542b,含
00540,541f,吟
00541,5473,味
00542,5475,呵
00543,5496,咖
00544,5478,呸
00545,5495,咕
00546,5480,咀
00547,547b,呻
00548,5477,呷
00549,5484,咄
00550,5492,咒
00551,5486,咆
00552,547c,呼
00553,5490,咐
00554,5471,呱
00555,5476,呶
00556,548c,和
00557,549a,咚
00558,5462,呢
00559,5468,周
00560,548b,咋
00561,547d,命
00562,548e,咎
00563,54ac,咬
00564,54c0,哀
00565,54a8,咨
00566,54ce,哎
00567,54c9,哉
00568,54b8,咸
00569,54a6,咦
00570,54b3,咳
00571,54c7,哇
00572,54c2,哂
00573,54bd,咽
00574,54aa,咪
00575,54c1,品
00576,54c4,哄
00577,54c8,哈
00578,54af,咯
00579,54ab,咫
00580,54b1,咱
00581,54bb,咻
00582,54e8,哨
00583,5510,唐
00584,5501,唁
00585,5537,唷
00586,54fc,哼
00587,54e5,哥
00588,54f2,哲
00589,5506,唆
00590,54fa,哺
00591,5514,唔
00592,54e9,哩
00593,54ed,哭
00594,54e1,員
00595,5509,唉
00596,54ee,哮
00597,54ea,哪
00598,54e6,哦
00599,5527,唧
00600,5546,商
00601,556a,啪
00602,5566,啦
00603,5544,啄
00604,555e,啞
00605,5561,啡
00606,5543,啃
00607,554a,啊
00608,5531,唱
00609,5556,啖
00610,554f,問
00611,5555,啕
00612,552f,唯
00613,5564,啤
00614,5538,唸
00615,552e,售
00616,555c,啜
00617,552c,唬
00618,5563,啣
00619,5533,唳
00620,557b,啻
00621,5580,喀
00622,55a7,喧
00623,557c,啼
00624,558a,喊
00625,559d,喝
00626,5598,喘
00627,5582,喂
00628,559c,喜
00629,55aa,喪
00630,5594,喔
00631,5587,喇
00632,558b,喋
00633,5583,喃
00634,55b3,喳
00635,55ae,單
00636,559f,喟
00637,553e,唾
00638,55b2,喲
00639,559a,喚
00640,55bb,喻
00641,55ac,喬
00642,55b1,喱
00643,557e,啾
00644,5589,喉
00645,55df,嗟
00646,55e8,嗨
00647,55d3,嗓
00648,55e6,嗦
00649,55ce,嗎
00650,55dc,嗜
00651,55c7,嗇
00652,55d1,嗑
00653,55e3,嗣
00654,55e4,嗤
00655,55ef,嗯
00656,55da,嗚
00657,55e1,嗡
00658,55c5,嗅
00659,55c6,嗆
00660,55e5,嗥
00661,55fe,嗾
00662,5600,嘀
00663,561b,嘛
00664,5617,嘗
00665,55fd,嗽
00666,5614,嘔
00667,5606,嘆
00668,5609,嘉
00669,560d,嘍
00670,560e,嘎
00671,55f7,嗷
00672,5616,嘖
00673,561f,嘟
00674,5608,嘈
00675,562e,嘮
00676,563b,嘻
00677,5639,嘹
00678,5632,嘲
00679,563f,嘿
00680,5629,嘩
00681,5653,噓
00682,564e,噎
00683,5657,噗
00684,5674,噴
00685,5636,嘶
00686,562f,嘯
00687,5630,嘰
00688,5659,噙
00689,566b,噫
00690,5679,噹
00691,5669,噩
00692,5664,噤
00693,5678,噸
00694,5634,嘴
00695,566a,噪
00696,5668,器
00697,5665,噥
00698,5671,噱
00699,566f,噯
00700,566c,噬
00701,5662,噢
00702,568e,嚎
00703,5680,嚀
00704,5690,嚐
00705,5685,嚅
00706,5687,嚇
00707,568f,嚏
00708,5695,嚕
00709,56ae,嚮
00710,56a5,嚥
00711,56a8,嚨
00712,56b7,嚷
00713,56b6,嚶
00714,56b4,嚴
00715,56bc,嚼
00716,56c1,囁
00717,56c0,囀
00718,56c2,囂
00719,56c8,囈
00720,56ca,囊
00721,56c9,囉
00722,56cc,囌
00723,56d1,囑
00724,56db,四
00725,56da,囚
00726,56e0,因
00727,56de,回
00728,56ea,囪
00729,56f0,困
00730,56e4,囤
00731,56fa,固
00732,5703,圃
00733,5708,圈
00734,570b,國
00735,570d,圍
00736,5712,園
00737,5713,圓
00738,5718,團
00739,5716,圖
00740,571f,土
00741,5733,圳
00742,5730,地
00743,5728,在
00744,572d,圭
00745,572c,圬
00746,572f,圯
00747,574a,坊
00748,5751,坑
00749,5740,址
00750,574d,坍
00751,5747,均
00752,574e,坎
00753,573e,圾
00754,5750,坐
00755,574f,坏
00756,5783,垃
00757,5777,坷
00758,576a,坪
00759,5769,坩
00760,5761,坡
00761,5766,坦
00762,5764,坤
00763,577c,坼
00764,5782,垂
00765,578b,型
00766,57a0,垠
00767,57a3,垣
00768,57a2,垢
00769,57ce,城
00770,57ae,垮
00771,57c2,埂
00772,57d4,埔
00773,57cb,埋
00774,57c3,埃
00775,57df,域
00776,5805,堅
00777,580a,堊
00778,5806,堆
00779,57e0,埠
00780,57e4,埤
00781,57fa,基
00782,5802,堂
00783,5835,堵
00784,57f7,執
00785,57f9,培
00786,582f,堯
00787,582a,堪
00788,5834,場
00789,5824,堤
00790,5830,堰
00791,5831,報
00792,5821,堡
00793,585e,塞
00794,5851,塑
00795,5858,塘
00796,5857,塗
00797,585a,塚
00798,5854,塔
00799,586b,填
00800,584c,塌
00801,586d,塭
00802,584a,塊
00803,5862,塢
00804,5875,塵
00805,587e,塾
00806,5883,境
00807,5893,墓
00808,588a,墊
00809,5879,塹
00810,5885,墅
00811,5880,墀
00812,589f,墟
00813,589e,增
00814,58b3,墳
00815,589c,墜
00816,58ae,墮
00817,58c1,壁
00818,58be,墾
00819,58c7,壇
00820,58c5,壅
00821,58d5,壕
00822,58d3,壓
00823,58d1,壑
00824,58d9,壙
00825,58d8,壘
00826,58de,壞
00827,58df,壟
00828,58e2,壢
00829,58e4,壤
00830,58e9,壩
00831,58eb,士
00832,58ec,壬
00833,58ef,壯
00834,58f9,壹
00835,58fa,壺
00836,58fd,壽
00837,590f,夏
00838,5914,夔
00839,5915,夕
00840,5916,外
00841,5919,夙
00842,591a,多
00843,591c,夜
00844,5920,夠
00845,5925,夥
00846,5922,夢
00847,5924,夤
00848,5927,大
00849,5929,天
00850,592b,夫
00851,592a,太
00852,592d,夭
00853,592e,央
00854,5931,失
00855,5937,夷
00856,5938,夸
00857,593e,夾
00858,5949,奉
00859,5947,奇
00860,5948,奈
00861,5944,奄
00862,5954,奔
00863,5955,奕
00864,5951,契
00865,594f,奏
00866,594e,奎
00867,5950,奐
00868,5957,套
00869,5958,奘
00870,595a,奚
00871,5962,奢
00872,5960,奠
00873,5967,奧
00874,596a,奪
00875,5969,奩
00876,596e,奮
00877,5973,女
00878,5974,奴
00879,5976,奶
00880,5984,妄
00881,5978,奸
00882,5983,妃
00883,597d,好
00884,5979,她
00885,5982,如
00886,5981,妁
00887,599d,妝
00888,5992,妒
00889,59a8,妨
00890,599e,妞
00891,59a3,妣
00892,5999,妙
00893,5996,妖
00894,598d,妍
00895,59a4,妤
00896,5993,妓
00897,598a,妊
00898,59a5,妥
00899,59be,妾
00900,59bb,妻
00901,59d4,委
00902,59b9,妹
00903,59ae,妮
00904,59d1,姑
00905,59c6,姆
00906,59d0,姐
00907,59cd,姍
00908,59cb,始
00909,59d3,姓
00910,59ca,姊
00911,59af,妯
00912,59b3,妳
00913,59d2,姒
00914,59dc,姜
00915,59d8,姘
00916,59ff,姿
00917,59e3,姣
00918,59e8,姨
00919,5a03,娃
00920,59e5,姥
00921,59ea,姪
00922,59da,姚
00923,59e6,姦
00924,5a01,威
00925,59fb,姻
00926,5a11,娑
00927,5a18,娘
00928,5a1c,娜
00929,5a1f,娟
00930,5a1b,娛
00931,5a13,娓
00932,59ec,姬
00933,5a20,娠
00934,5a23,娣
00935,5a29,娩
00936,5a25,娥
00937,5a0c,娌
00938,5a36,娶
00939,5a41,婁
00940,5a49,婉
00941,5a66,婦
00942,5a6a,婪
00943,5a40,婀
00944,5a3c,娼
00945,5a62,婢
00946,5a5a,婚
00947,5a46,婆
00948,5a4a,婊
00949,5a77,婷
00950,5a9a,媚
00951,5a7f,婿
00952,5a92,媒
00953,5a9b,媛
00954,5ac1,嫁
00955,5ac9,嫉
00956,5acc,嫌
00957,5abe,媾
00958,5abd,媽
00959,5abc,媼
00960,5ab3,媳
00961,5ac2,嫂
00962,5ab2,媲
00963,5ae1,嫡
00964,5ae6,嫦
00965,5ae9,嫩
00966,5ad7,嫗
00967,5ad6,嫖
00968,5ad8,嫘
00969,5ae3,嫣
00970,5b09,嬉
00971,5afb,嫻
00972,5b0b,嬋
00973,5af5,嫵
00974,5b0c,嬌
00975,5b1d,嬝
00976,5b34,嬴
00977,5b30,嬰
00978,5b2a,嬪
00979,5b24,嬤
00980,5b38,嬸
00981,5b40,孀
00982,5b50,子
00983,5b51,孑
00984,5b53,孓
00985,5b54,孔
00986,5b55,孕
00987,5b57,字
00988,5b58,存
00989,5b5d,孝
00990,5b5c,孜
00991,5b5a,孚
00992,5b5f,孟
00993,5b64,孤
00994,5b63,季
00995,5b69,孩
00996,5b6b,孫
00997,5b70,孰
00998,5b73,孳
00999,5b71,孱
01000,5b75,孵
01001,5b78,學
01002,5b7a,孺
01003,5b7d,孽
01004,5b7f,孿
01005,5b83,它
01006,5b87,宇
01007,5b88,守
01008,5b85,宅
01009,5b89,安
01010,5b8c,完
01011,5b8b,宋
01012,5b8f,宏
01013,5b97,宗
01014,5b9a,定
01015,5b98,官
01016,5b9c,宜
01017,5b99,宙
01018,5b9b,宛
01019,5ba3,宣
01020,5ba6,宦
01021,5ba4,室
01022,5ba2,客
01023,5ba5,宥
01024,5bb0,宰
01025,5bb3,害
01026,5bb6,家
01027,5bb4,宴
01028,5bae,宮
01029,5bb5,宵
01030,5bb9,容
01031,5bb8,宸
01032,5bc7,寇
01033,5bc5,寅
01034,5bc4,寄
01035,5bc2,寂
01036,5bbf,宿
01037,5bc6,密
01038,5bd2,寒
01039,5bcc,富
01040,5bd3,寓
01041,5bd0,寐
01042,5bde,寞
01043,5be7,寧
01044,5be1,寡
01045,5be5,寥
01046,5be6,實
01047,5be8,寨
01048,5be2,寢
01049,5be4,寤
01050,5bdf,察
01051,5bee,寮
01052,5bec,寬
01053,5be9,審
01054,5beb,寫
01055,5bf5,寵
01056,5bf6,寶
01057,5bf8,寸
01058,5bfa,寺
01059,5c01,封
01060,5c04,射
01061,5c09,尉
01062,5c08,專
01063,5c07,將
01064,5c0a,尊
01065,5c0b,尋
01066,5c0d,對
01067,5c0e,導
01068,5c0f,小
01069,5c11,少
01070,5c16,尖
01071,5c1a,尚
01072,5c24,尤
01073,5c2c,尬
01074,5c31,就
01075,5c37,尷
01076,5c38,尸
01077,5c3a,尺
01078,5c3c,尼
01079,5c40,局
01080,5c41,屁
01081,5c3f,尿
01082,5c3e,尾
01083,5c48,屈
01084,5c45,居
01085,5c46,屆
01086,5c4e,屎
01087,5c4f,屏
01088,5c4d,屍
01089,5c4b,屋
01090,5c51,屑
01091,5c55,展
01092,5c50,屐
01093,5c60,屠
01094,5c5c,屜
01095,5c62,屢
01096,5c64,層
01097,5c65,履
01098,5c6c,屬
01099,5c6f,屯
01100,5c71,山
01101,5c79,屹
01102,5c90,岐
01103,5c91,岑
01104,5c94,岔
01105,5c8c,岌
01106,5cb7,岷
01107,5ca1,岡
01108,5cb8,岸
01109,5ca9,岩
01110,5cab,岫
01111,5cb1,岱
01112,5cb3,岳
01113,5cd9,峙
01114,5ced,峭
01115,5cfd,峽
01116,5cfb,峻
01117,5cea,峪
01118,5ce8,峨
01119,5cf0,峰
01120,5cf6,島
01121,5d01,崁
01122,5d07,崇
01123,5d06,崆
01124,5d0e,崎
01125,5d1b,崛
01126,5d16,崖
01127,5d22,崢
01128,5d11,崑
01129,5d29,崩
01130,5d14,崔
01131,5d19,崙
01132,5d4c,嵌
01133,5d50,嵐
01134,5d69,嵩
01135,5d84,嶄
01136,5d87,嶇
01137,5d9d,嶝
01138,5dbc,嶼
01139,5dba,嶺
01140,5dbd,嶽
01141,5dcd,巍
01142,5dd4,巔
01143,5dd2,巒
01144,5dd6,巖
01145,5ddd,川
01146,5dde,州
01147,5de2,巢
01148,5de5,工
01149,5de8,巨
01150,5de7,巧
01151,5de6,左
01152,5deb,巫
01153,5dee,差
01154,5df1,己
01155,5df2,已
01156,5df3,巳
01157,5df4,巴
01158,5df7,巷
01159,5dfd,巽
01160,5dfe,巾
01161,5e02,市
01162,5e03,布
01163,5e06,帆
01164,5e0c,希
01165,5e18,帘
01166,5e1a,帚
01167,5e16,帖
01168,5e15,帕
01169,5e1b,帛
01170,5e11,帑
01171,5e1d,帝
01172,5e25,帥
01173,5e2d,席
01174,5e2b,師
01175,5e38,常
01176,5e36,帶
01177,5e33,帳
01178,5e37,帷
01179,5e45,幅
01180,5e3d,帽
01181,5e40,幀
01182,5e4c,幌
01183,5e5b,幛
01184,5e63,幣
01185,5e55,幕
01186,5e57,幗
01187,5e54,幔
01188,5e62,幢
01189,5e5f,幟
01190,5e6b,幫
01191,5e72,干
01192,5e73,平
01193,5e76,并
01194,5e74,年
01195,5e78,幸
01196,5e79,幹
01197,5e7b,幻
01198,5e7c,幼
01199,5e7d,幽
01200,5e7e,幾
01201,5e8f,序
01202,5e87,庇
01203,5e8a,床
01204,5e9a,庚
01205,5e97,店
01206,5e9c,府
01207,5e95,底
01208,5e96,庖
01209,5ea0,庠
01210,5ea6,度
01211,5eab,庫
01212,5ead,庭
01213,5ea7,座
01214,5eb7,康
01215,5eb8,庸
01216,5eb6,庶
01217,5eb5,庵
01218,5ebe,庾
01219,5eca,廊
01220,5ec1,廁
01221,5ec2,廂
01222,5ec9,廉
01223,5ec8,廈
01224,5ed3,廓
01225,5ed6,廖
01226,5ee2,廢
01227,5eda,廚
01228,5edf,廟
01229,5edd,廝
01230,5ee3,廣
01231,5ee0,廠
01232,9f90,龐
01233,5eec,廬
01234,5ef3,廳
01235,5ef7,廷
01236,5ef6,延
01237,5efa,建
01238,5eff,廿
01239,5f01,弁
01240,5f04,弄
01241,5f08,弈
01242,5f0a,弊
01243,5f0f,式
01244,5f12,弒
01245,5f13,弓
01246,5f14,弔
01247,5f15,引
01248,5f18,弘
01249,5f17,弗
01250,5f1b,弛
01251,5f1f,弟
01252,5f26,弦
01253,5f27,弧
01254,5f29,弩
01255,5f2d,弭
01256,5f31,弱
01257,5f35,張
01258,5f37,強
01259,5f3c,弼
01260,5f46,彆
01261,5f48,彈
01262,5f4c,彌
01263,5f4e,彎
01264,5f57,彗
01265,5f59,彙
01266,5f5e,彞
01267,5f64,彤
01268,5f62,形
01269,5f65,彥
01270,5f6c,彬
01271,5f69,彩
01272,5f6b,彫
01273,5f6d,彭
01274,5f70,彰
01275,5f71,影
01276,5f77,彷
01277,5f79,役
01278,5f80,往
01279,5f81,征
01280,5f7f,彿
01281,5f7c,彼
01282,5f88,很
01283,5f85,待
01284,5f8a,徊
01285,5f8b,律
01286,5f87,徇
01287,5f8c,後
01288,5f92,徒
01289,5f91,徑
01290,5f90,徐
01291,5f97,得
01292,5f99,徙
01293,5f9e,從
01294,5f98,徘
01295,5fa1,御
01296,5fa9,復
01297,5faa,循
01298,5fa8,徨
01299,5fac,徬
01300,5fae,微
01301,5fb9,徹
01302,5fb7,德
01303,5fb5,徵
01304,5fbd,徽
01305,5fc3,心
01306,5fc5,必
01307,5fd9,忙
01308,5fd6,忖
01309,5fd8,忘
01310,5fcc,忌
01311,5fd7,志
01312,5fcd,忍
01313,5ff1,忱
01314,5feb,快
01315,5fdd,忝
01316,5fe0,忠
01317,5ffd,忽
01318,5ff5,念
01319,5fff,忿
01320,600f,怏
01321,6014,怔
01322,602f,怯
01323,6035,怵
01324,6016,怖
01325,602a,怪
01326,6015,怕
01327,6021,怡
01328,6027,性
01329,6012,怒
01330,601d,思
01331,6020,怠
01332,6025,急
01333,600e,怎
01334,6028,怨
01335,604d,恍
01336,6070,恰
01337,6068,恨
01338,6062,恢
01339,6046,恆
01340,6043,恃
01341,606c,恬
01342,606b,恫
01343,606a,恪
01344,6064,恤
01345,6059,恙
01346,6063,恣
01347,6065,恥
01348,6050,恐
01349,6055,恕
01350,606d,恭
01351,6069,恩
01352,606f,息
01353,6084,悄
01354,609f,悟
01355,609a,悚
01356,608d,悍
01357,6094,悔
01358,608c,悌
01359,6085,悅
01360,6096,悖
01361,607f,恿
01362,60a3,患
01363,6089,悉
01364,60a0,悠
01365,60a8,您
01366,60cb,惋
01367,60b4,悴
01368,60e6,惦
01369,60bd,悽
01370,60c5,情
01371,60bb,悻
01372,60b5,悵
01373,60dc,惜
01374,60bc,悼
01375,60d8,惘
01376,60d5,惕
01377,60c6,惆
01378,60df,惟
01379,60b8,悸
01380,60da,惚
01381,60d1,惑
01382,60e1,惡
01383,60b2,悲
01384,60b6,悶
01385,60e0,惠
01386,611c,愜
01387,6123,愣
01388,60fa,惺
01389,6115,愕
01390,60f0,惰
01391,60fb,惻
01392,60f4,惴
01393,6168,慨
01394,60f1,惱
01395,610e,愎
01396,60f6,惶
01397,6109,愉
01398,6100,愀
01399,611a,愚
01400,610f,意
01401,6148,慈
01402,611f,感
01403,60f3,想
01404,611b,愛
01405,60f9,惹
01406,6101,愁
01407,6108,愈
01408,614e,慎
01409,614c,慌
01410,6144,慄
01411,614d,慍
01412,613e,愾
01413,6134,愴
01414,6127,愧
01415,6147,慇
01416,613f,愿
01417,614b,態
01418,6177,慷
01419,6162,慢
01420,6163,慣
01421,615f,慟
01422,615a,慚
01423,6158,慘
01424,6176,慶
01425,6167,慧
01426,616e,慮
01427,615d,慝
01428,6155,慕
01429,6182,憂
01430,617c,慼
01431,6170,慰
01432,616b,慫
01433,617e,慾
01434,61a7,憧
01435,6190,憐
01436,61ab,憫
01437,618e,憎
01438,61ac,憬
01439,619a,憚
01440,61a4,憤
01441,6194,憔
01442,61b2,憲
01443,6191,憑
01444,61a9,憩
01445,618a,憊
01446,61cd,懍
01447,61b6,憶
01448,61be,憾
01449,61c2,懂
01450,61ca,懊
01451,61c8,懈
01452,61c9,應
01453,61c7,懇
01454,61e6,懦
01455,61e3,懣
01456,61f2,懲
01457,61f7,懷
01458,61f6,懶
01459,61f5,懵
01460,61f8,懸
01461,61fa,懺
01462,61fc,懼
01463,61fe,懾
01464,61ff,懿
01465,6200,戀
01466,6208,戈
01467,620a,戊
01468,620e,戎
01469,620c,戌
01470,620d,戍
01471,6210,成
01472,6212,戒
01473,6211,我
01474,6216,或
01475,6215,戕
01476,621a,戚
01477,621b,戛
01478,621f,戟
01479,6221,戡
01480,6222,戢
01481,622a,截
01482,622e,戮
01483,6230,戰
01484,6232,戲
01485,6234,戴
01486,6233,戳
01487,6236,戶
01488,623f,房
01489,623e,戾
01490,6240,所
01491,6241,扁
01492,6247,扇
01493,6248,扈
01494,6249,扉
01495,624b,手
01496,624d,才
01497,624e,扎
01498,6253,打
01499,6254,扔
01500,6252,扒
01501,6263,扣
01502,625b,扛
01503,6258,托
01504,6284,抄
01505,6297,抗
01506,6296,抖
01507,6280,技
01508,6276,扶
01509,6289,抉
01510,626d,扭
01511,628a,把
01512,627c,扼
01513,627e,找
01514,6279,批
01515,6273,扳
01516,6292,抒
01517,626f,扯
01518,6298,折
01519,626e,扮
01520,6295,投
01521,6293,抓
01522,6291,抑
01523,627f,承
01524,62c9,拉
01525,62cc,拌
01526,62c4,拄
01527,62bf,抿
01528,62c2,拂
01529,62b9,抹
01530,62d2,拒
01531,62db,招
01532,62ab,披
01533,62d3,拓
01534,62d4,拔
01535,62cb,拋
01536,62c8,拈
01537,62a8,抨
01538,62bd,抽
01539,62bc,押
01540,62d0,拐
01541,62d9,拙
01542,62c7,拇
01543,62cd,拍
01544,62b5,抵
01545,62da,拚
01546,62b1,抱
01547,62d8,拘
01548,62d6,拖
01549,62d7,拗
01550,62c6,拆
01551,62ac,抬
01552,62ce,拎
01553,62dc,拜
01554,6316,挖
01555,6309,按
01556,62fc,拼
01557,62ed,拭
01558,6301,持
01559,62ee,拮
01560,62fd,拽
01561,6307,指
01562,62f1,拱
01563,62f7,拷
01564,62ef,拯
01565,62ec,括
01566,62fe,拾
01567,62f4,拴
01568,6311,挑
01569,62f3,拳
01570,6308,挈
01571,62ff,拿
01572,634e,捎
01573,633e,挾
01574,632f,振
01575,6355,捕
01576,6342,捂
01577,6346,捆
01578,634f,捏
01579,6349,捉
01580,633a,挺
01581,6350,捐
01582,633d,挽
01583,632a,挪
01584,632b,挫
01585,6328,挨
01586,63a0,掠
01587,63a7,控
01588,6372,捲
01589,6396,掖
01590,63a2,探
01591,63a5,接
01592,6377,捷
01593,6367,捧
01594,6398,掘
01595,63aa,措
01596,6371,捱
01597,63a9,掩
01598,6389,掉
01599,6383,掃
01600,639b,掛
01601,636b,捫
01602,63a8,推
01603,6384,掄
01604,6388,授
01605,6399,掙
01606,63a1,採
01607,63ac,掬
01608,6392,排
01609,638f,掏
01610,6380,掀
01611,637b,捻
01612,6369,捩
01613,6368,捨
01614,63a3,掣
01615,638c,掌
01616,63cf,描
01617,63c0,揀
01618,63e9,揩
01619,63c9,揉
01620,63c6,揆
01621,63cd,揍
01622,63d2,插
01623,63e3,揣
01624,63d0,提
01625,63e1,握
01626,63d6,揖
01627,63ed,揭
01628,63ee,揮
01629,6376,捶
01630,63f4,援
01631,63ea,揪
01632,63db,換
01633,6452,摒
01634,63da,揚
01635,6413,搓
01636,643e,搾
01637,641e,搞
01638,642a,搪
01639,642d,搭
01640,643d,搽
01641,642c,搬
01642,640f,搏
01643,641c,搜
01644,6414,搔
01645,640d,損
01646,6436,搶
01647,6416,搖
01648,6417,搗
01649,6487,撇
01650,6458,摘
01651,6454,摔
01652,64a4,撤
01653,6478,摸
01654,645f,摟
01655,647a,摺
01656,6451,摑
01657,6467,摧
01658,6469,摩
01659,646f,摯
01660,6479,摹
01661,649e,撞
01662,64b2,撲
01663,6488,撈
01664,6490,撐
01665,64b0,撰
01666,64a5,撥
01667,6493,撓
01668,6495,撕
01669,64a9,撩
01670,6492,撒
01671,64ae,撮
01672,64ad,播
01673,64ab,撫
01674,649a,撚
01675,64ac,撬
01676,64c5,擅
01677,64c1,擁
01678,64cb,擋
01679,64bb,撻
01680,64bc,撼
01681,64da,據
01682,64c4,擄
01683,64c7,擇
01684,64c2,擂
01685,64cd,操
01686,64bf,撿
01687,64d2,擒
01688,64d4,擔
01689,64ce,擎
01690,64ca,擊
01691,64d8,擘
01692,64e0,擠
01693,64f0,擰
01694,64e6,擦
01695,64ec,擬
01696,64f1,擱
01697,64f4,擴
01698,64f2,擲
01699,64fe,擾
01700,6506,攆
01701,64fa,擺
01702,64fb,擻
01703,6500,攀
01704,650f,攏
01705,6518,攘
01706,6514,攔
01707,6519,攙
01708,651d,攝
01709,651c,攜
01710,6524,攤
01711,6523,攣
01712,652b,攫
01713,652a,攪
01714,652c,攬
01715,652f,支
01716,6536,收
01717,6539,改
01718,653b,攻
01719,653e,放
01720,653f,政
01721,6545,故
01722,6548,效
01723,655d,敝
01724,6556,敖
01725,6551,救
01726,6559,教
01727,6557,敗
01728,555f,啟
01729,654f,敏
01730,6558,敘
01731,655e,敞
01732,6566,敦
01733,6562,敢
01734,6563,散
01735,656c,敬
01736,6572,敲
01737,6575,敵
01738,6577,敷
01739,6578,數
01740,6574,整
01741,6582,斂
01742,6583,斃
01743,6587,文
01744,6591,斑
01745,6590,斐
01746,6597,斗
01747,6599,料
01748,659c,斜
01749,659f,斟
01750,65a1,斡
01751,65a4,斤
01752,65a5,斥
01753,65a7,斧
01754,65ab,斫
01755,65ac,斬
01756,65af,斯
01757,65b0,新
01758,65b7,斷
01759,65b9,方
01760,65bc,於
01761,65bd,施
01762,65c1,旁
01763,65c5,旅
01764,65cf,族
01765,65cb,旋
01766,65cc,旌
01767,65ce,旎
01768,65d7,旗
01769,65d6,旖
01770,65e2,既
01771,65e5,日
01772,65e6,旦
01773,65e9,早
01774,65e8,旨
01775,65ec,旬
01776,65ed,旭
01777,65f1,旱
01778,65fa,旺
01779,6614,昔
01780,6613,易
01781,660c,昌
01782,6606,昆
01783,6602,昂
01784,660e,明
01785,6600,昀
01786,660f,昏
01787,6625,春
01788,662d,昭
01789,6620,映
01790,6627,昧
01791,662f,是
01792,661f,星
01793,6628,昨
01794,6642,時
01795,6649,晉
01796,664f,晏
01797,6643,晃
01798,6652,晒
01799,664c,晌
01800,665d,晝
01801,665a,晚
01802,6664,晤
01803,6668,晨
01804,6666,晦
01805,666e,普
01806,6670,晰
01807,6674,晴
01808,6676,晶
01809,666f,景
01810,6691,暑
01811,667a,智
01812,6697,暗
01813,6689,暉
01814,6687,暇
01815,6688,暈
01816,6696,暖
01817,66a2,暢
01818,66a8,暨
01819,66ae,暮
01820,66ab,暫
01821,66b4,暴
01822,66c6,曆
01823,66c9,曉
01824,66b9,暹
01825,66d9,曙
01826,66d6,曖
01827,66e0,曠
01828,66dd,曝
01829,66e6,曦
01830,66f0,曰
01831,66f2,曲
01832,66f3,曳
01833,66f4,更
01834,66f7,曷
01835,66f8,書
01836,66f9,曹
01837,52d7,勗
01838,66fe,曾
01839,66ff,替
01840,6703,會
01841,6708,月
01842,6709,有
01843,670d,服
01844,670b,朋
01845,6714,朔
01846,6715,朕
01847,6717,朗
01848,671b,望
01849,671f,期
01850,671d,朝
01851,6726,朦
01852,6727,朧
01853,6728,木
01854,672e,朮
01855,672c,本
01856,672a,未
01857,672b,末
01858,672d,札
01859,673d,朽
01860,6734,朴
01861,6731,朱
01862,6735,朵
01863,675f,束
01864,674e,李
01865,674f,杏
01866,6750,材
01867,6751,村
01868,675c,杜
01869,6756,杖
01870,675e,杞
01871,6749,杉
01872,676d,杭
01873,678b,枋
01874,6795,枕
01875,6771,東
01876,679c,果
01877,6773,杳
01878,6777,杷
01879,6787,枇
01880,679d,枝
01881,6797,林
01882,676f,杯
01883,6770,杰
01884,677f,板
01885,6789,枉
01886,677e,松
01887,6790,析
01888,6775,杵
01889,679a,枚
01890,67ff,柿
01891,67d3,染
01892,67f1,柱
01893,67d4,柔
01894,67d0,某
01895,67ec,柬
01896,67b6,架
01897,67af,枯
01898,67f5,柵
01899,67e9,柩
01900,67ef,柯
01901,67c4,柄
01902,67d1,柑
01903,67b4,枴
01904,67da,柚
01905,67e5,查
01906,67b8,枸
01907,67cf,柏
01908,67de,柞
01909,67f3,柳
01910,6821,校
01911,6838,核
01912,6848,案
01913,6846,框
01914,6853,桓
01915,6839,根
01916,6842,桂
01917,6854,桔
01918,6829,栩
01919,68b3,梳
01920,6817,栗
01921,684c,桌
01922,6851,桑
01923,683d,栽
01924,67f4,柴
01925,6850,桐
01926,6840,桀
01927,683c,格
01928,6843,桃
01929,682a,株
01930,6845,桅
01931,6813,栓
01932,6881,梁
01933,68af,梯
01934,68a2,梢
01935,6893,梓
01936,68b5,梵
01937,687f,桿
01938,6876,桶
01939,68b1,梱
01940,68a7,梧
01941,6897,梗
01942,68b0,械
01943,6883,梃
01944,68c4,棄
01945,68ad,梭
01946,6886,梆
01947,6885,梅
01948,6894,梔
01949,689d,條
01950,68a8,梨
01951,689f,梟
01952,68fa,棺
01953,68d5,棕
01954,68e0,棠
01955,68d8,棘
01956,68d7,棗
01957,6905,椅
01958,68df,棟
01959,68f5,棵
01960,68ee,森
01961,68e7,棧
01962,68f9,棹
01963,68d2,棒
01964,68f2,棲
01965,68e3,棣
01966,68cb,棋
01967,68cd,棍
01968,690d,植
01969,6912,椒
01970,690e,椎
01971,68c9,棉
01972,68da,棚
01973,6994,榔
01974,696d,業
01975,695a,楚
01976,6977,楷
01977,6960,楠
01978,6954,楔
01979,6975,極
01980,6930,椰
01981,6982,概
01982,694a,楊
01983,6968,楨
01984,696b,楫
01985,695e,楞
01986,6953,楓
01987,6979,楹
01988,6986,榆
01989,699c,榜
01990,69a8,榨
01991,6995,榕
01992,69c1,槁
01993,69ae,榮
01994,69d3,槓
01995,69cb,構
01996,699b,榛
01997,69b7,榷
01998,69bb,榻
01999,69ab,榫
02000,69b4,榴
02001,69d0,槐
02002,69cd,槍
02003,69ad,榭
02004,69cc,槌
02005,6a23,樣
02006,6a1f,樟
02007,69e8,槨
02008,6a01,樁
02009,6a1e,樞
02010,6a19,標
02011,69fd,槽
02012,6a21,模
02013,6a13,樓
02014,6a0a,樊
02015,69f3,槳
02016,6a02,樂
02017,6a05,樅
02018,6a3d,樽
02019,6a38,樸
02020,6a3a,樺
02021,6a59,橙
02022,6a6b,橫
02023,6a58,橘
02024,6a39,樹
02025,6a44,橄
02026,6a62,橢
02027,6a61,橡
02028,6a4b,橋
02029,6a47,橇
02030,6a35,樵
02031,6a5f,機
02032,6a80,檀
02033,6a94,檔
02034,6a84,檄
02035,6aa2,檢
02036,6a9c,檜
02037,6adb,櫛
02038,6ab3,檳
02039,6aac,檬
02040,6ac3,櫃
02041,6abb,檻
02042,6ab8,檸
02043,6ac2,櫂
02044,6ae5,櫥
02045,6add,櫝
02046,6ada,櫚
02047,6ad3,櫓
02048,6afb,櫻
02049,6b04,欄
02050,6b0a,權
02051,6b16,欖
02052,6b20,欠
02053,6b21,次
02054,6b23,欣
02055,6b32,欲
02056,6b3e,款
02057,6b3a,欺
02058,6b3d,欽
02059,6b47,歇
02060,6b49,歉
02061,6b4c,歌
02062,6b50,歐
02063,6b59,歙
02064,6b5f,歟
02065,6b61,歡
02066,6b62,止
02067,6b63,正
02068,6b64,此
02069,6b65,步
02070,6b66,武
02071,6b67,歧
02072,6b6a,歪
02073,6b72,歲
02074,6b77,歷
02075,6b78,歸
02076,6b79,歹
02077,6b7b,死
02078,6b7f,歿
02079,6b83,殃
02080,6b86,殆
02081,6b8a,殊
02082,6b89,殉
02083,6b98,殘
02084,6b96,殖
02085,6ba4,殤
02086,6bae,殮
02087,6baf,殯
02088,6bb2,殲
02089,6bb5,段
02090,6bb7,殷
02091,6bba,殺
02092,6bbc,殼
02093,6bc0,毀
02094,6bbf,殿
02095,6bc5,毅
02096,6bc6,毆
02097,6bcb,毋
02098,6bcd,母
02099,6bcf,每
02100,6bd2,毒
02101,6bd3,毓
02102,6bd4,比
02103,6bd7,毗
02104,6bdb,毛
02105,6beb,毫
02106,6bef,毯
02107,6bfd,毽
02108,6c0f,氏
02109,6c11,民
02110,6c10,氐
02111,6c13,氓
02112,6c16,氖
02113,6c1b,氛
02114,6c1f,氟
02115,6c23,氣
02116,6c27,氧
02117,6c28,氨
02118,6c26,氦
02119,6c24,氤
02120,6c2b,氫
02121,6c2e,氮
02122,6c2f,氯
02123,6c33,氳
02124,6c34,水
02125,6c38,永
02126,6c41,汁
02127,6c40,汀
02128,6c3e,氾
02129,6c42,求
02130,6c5d,汝
02131,6c57,汗
02132,6c59,汙
02133,6c5f,江
02134,6c60,池
02135,6c50,汐
02136,6c55,汕
02137,6c5e,汞
02138,6c99,沙
02139,6c81,沁
02140,6c88,沈
02141,6c89,沉
02142,6c85,沅
02143,6c9b,沛
02144,6c6a,汪
02145,6c7a,決
02146,6c90,沐
02147,6c70,汰
02148,6c8c,沌
02149,6c69,汨
02150,6c96,沖
02151,6c92,沒
02152,6c7d,汽
02153,6c83,沃
02154,6c72,汲
02155,6c7e,汾
02156,6ce3,泣
02157,6ce8,注
02158,6cf3,泳
02159,6cb1,沱
02160,6ccc,泌
02161,6ce5,泥
02162,6cb3,河
02163,6cbd,沽
02164,6cbe,沾
02165,6cbc,沼
02166,6ce2,波
02167,6cab,沫
02168,6cd5,法
02169,6cd3,泓
02170,6cb8,沸
02171,6cc4,泄
02172,6cb9,油
02173,6cc1,況
02174,6cae,沮
02175,6cd7,泗
02176,6cc5,泅
02177,6cf1,泱
02178,6cbf,沿
02179,6cbb,治
02180,6ce1,泡
02181,6cdb,泛
02182,6cca,泊
02183,6cc9,泉
02184,6cf0,泰
02185,6d0b,洋
02186,6d32,洲
02187,6d2a,洪
02188,6d41,流
02189,6d25,津
02190,6d0c,洌
02191,6d31,洱
02192,6d1e,洞
02193,6d17,洗
02194,6d3b,活
02195,6d3d,洽
02196,6d3e,派
02197,6d36,洶
02198,6d1b,洛
02199,6d6a,浪
02200,6d95,涕
02201,6d88,消
02202,6d87,涇
02203,6d66,浦
02204,6d78,浸
02205,6d77,海
02206,6d59,浙
02207,6d93,涓
02208,6d6c,浬
02209,6d89,涉
02210,6d6e,浮
02211,6d5a,浚
02212,6d74,浴
02213,6d69,浩
02214,6d8e,涎
02215,6dbc,涼
02216,6df3,淳
02217,6dd9,淙
02218,6db2,液
02219,6de1,淡
02220,6dcc,淌
02221,6de4,淤
02222,6dfb,添
02223,6dfa,淺
02224,6e05,清
02225,6dc7,淇
02226,6dcb,淋
02227,6daf,涯
02228,6dd1,淑
02229,6dae,涮
02230,6dde,淞
02231,6df9,淹
02232,6db8,涸
02233,6df7,混
02234,6df5,淵
02235,6dc5,淅
02236,6dd2,淒
02237,6e1a,渚
02238,6db5,涵
02239,6dda,淚
02240,6deb,淫
02241,6dd8,淘
02242,6dea,淪
02243,6df1,深
02244,6dee,淮
02245,6de8,淨
02246,6dc6,淆
02247,6dc4,淄
02248,6e2f,港
02249,6e38,游
02250,6e54,湔
02251,6e21,渡
02252,6e32,渲
02253,6e67,湧
02254,6e4a,湊
02255,6e20,渠
02256,6e25,渥
02257,6e23,渣
02258,6e1b,減
02259,6e5b,湛
02260,6e58,湘
02261,6e24,渤
02262,6e56,湖
02263,6e6e,湮
02264,6e2d,渭
02265,6e26,渦
02266,6e6f,湯
02267,6e34,渴
02268,6e4d,湍
02269,6e3a,渺
02270,6e2c,測
02271,6e43,湃
02272,6e1d,渝
02273,6e3e,渾
02274,6ecb,滋
02275,6e89,溉
02276,6e19,渙
02277,6ea2,溢
02278,6eaf,溯
02279,6ed3,滓
02280,6eb6,溶
02281,6ec2,滂
02282,6e90,源
02283,6e9d,溝
02284,6ec7,滇
02285,6ec5,滅
02286,6ea5,溥
02287,6e98,溘
02288,6ebc,溼
02289,6eba,溺
02290,6eab,溫
02291,6ed1,滑
02292,6e96,準
02293,6e9c,溜
02294,6ec4,滄
02295,6ed4,滔
02296,6eaa,溪
02297,6f33,漳
02298,6f14,演
02299,6efe,滾
02300,6f13,漓
02301,6ef4,滴
02302,6f29,漩
02303,6f3e,漾
02304,6f20,漠
02305,6f2c,漬
02306,6f0f,漏
02307,6f02,漂
02308,6f22,漢
02309,6eff,滿
02310,6eef,滯
02311,6f06,漆
02312,6f31,漱
02313,6f38,漸
02314,6f32,漲
02315,6f23,漣
02316,6f15,漕
02317,6f2b,漫
02318,6f2f,漯
02319,6f88,澈
02320,6f2a,漪
02321,6eec,滬
02322,6f01,漁
02323,6ef2,滲
02324,6ecc,滌
02325,6f3f,漿
02326,6f7c,潼
02327,6f84,澄
02328,6f51,潑
02329,6f66,潦
02330,6f54,潔
02331,6f86,澆
02332,6f6d,潭
02333,6f5b,潛
02334,6f78,潸
02335,6f6e,潮
02336,6f8e,澎
02337,6f7a,潺
02338,6f70,潰
02339,6f64,潤
02340,6f97,澗
02341,6f58,潘
02342,6fc2,濂
02343,6fb1,澱
02344,6fa1,澡
02345,6fc3,濃
02346,6fa4,澤
02347,6fc1,濁
02348,6fa7,澧
02349,6fb3,澳
02350,6fc0,激
02351,6fb9,澹
02352,6fd8,濘
02353,6ff1,濱
02354,6fdf,濟
02355,6fe0,濠
02356,6fdb,濛
02357,6fe4,濤
02358,6feb,濫
02359,6fef,濯
02360,6f80,澀
02361,6fec,濬
02362,6fe1,濡
02363,7009,瀉
02364,700b,瀋
02365,6ffe,濾
02366,7006,瀆
02367,6ffa,濺
02368,7011,瀑
02369,700f,瀏
02370,701b,瀛
02371,701f,瀟
02372,7028,瀨
02373,701a,瀚
02374,701d,瀝
02375,7015,瀕
02376,703e,瀾
02377,7030,瀰
02378,704c,灌
02379,7051,灑
02380,7058,灘
02381,7063,灣
02382,7064,灤
02383,706b,火
02384,7070,灰
02385,7076,灶
02386,707c,灼
02387,707d,災
02388,7078,灸
02389,7095,炕
02390,708e,炎
02391,7092,炒
02392,708a,炊
02393,7099,炙
02394,70ab,炫
02395,70ba,為
02396,70b3,炳
02397,70ac,炬
02398,70af,炯
02399,70ad,炭
02400,70b8,炸
02401,70ae,炮
02402,70ca,烊
02403,70d8,烘
02404,70e4,烤
02405,70d9,烙
02406,70c8,烈
02407,70cf,烏
02408,70f9,烹
02409,7109,焉
02410,710a,焊
02411,70fd,烽
02412,7119,焙
02413,711a,焚
02414,7126,焦
02415,7130,焰
02416,7121,無
02417,7136,然
02418,716e,煮
02419,714e,煎
02420,7159,煙
02421,7169,煩
02422,7164,煤
02423,7149,煉
02424,7167,照
02425,715c,煜
02426,716c,煬
02427,7166,煦
02428,714c,煌
02429,7165,煥
02430,715e,煞
02431,7194,熔
02432,7199,熙
02433,717d,煽
02434,718a,熊
02435,7184,熄
02436,719f,熟
02437,71ac,熬
02438,71b1,熱
02439,71a8,熨
02440,71be,熾
02441,71c9,燉
02442,71d0,燐
02443,71d2,燒
02444,71c8,燈
02445,71d5,燕
02446,71b9,熹
02447,71ce,燎
02448,71d9,燙
02449,71dc,燜
02450,71c3,燃
02451,71c4,燄
02452,71e7,燧
02453,71df,營
02454,71ee,燮
02455,71e6,燦
02456,71e5,燥
02457,71ed,燭
02458,71ec,燬
02459,71f4,燴
02460,71fb,燻
02461,7206,爆
02462,720d,爍
02463,7210,爐
02464,721b,爛
02465,7228,爨
02466,722a,爪
02467,722c,爬
02468,722d,爭
02469,7230,爰
02470,7235,爵
02471,7236,父
02472,7238,爸
02473,7239,爹
02474,723a,爺
02475,723b,爻
02476,723d,爽
02477,723e,爾
02478,7246,牆
02479,7247,片
02480,7248,版
02481,724c,牌
02482,7252,牒
02483,7256,牖
02484,7258,牘
02485,7259,牙
02486,725b,牛
02487,725f,牟
02488,725d,牝
02489,7262,牢
02490,7261,牡
02491,7260,牠
02492,7267,牧
02493,7269,物
02494,7272,牲
02495,726f,牯
02496,7274,牴
02497,7279,特
02498,727d,牽
02499,7281,犁
02500,7284,犄
02501,7280,犀
02502,7292,犒
02503,7296,犖
02504,729b,犛
02505,72a2,犢
02506,72a7,犧
02507,72ac,犬
02508,72af,犯
02509,72c4,狄
02510,72c2,狂
02511,72c0,狀
02512,72ce,狎
02513,72d9,狙
02514,72d7,狗
02515,72d0,狐
02516,72e9,狩
02517,72e0,狠
02518,72e1,狡
02519,72fc,狼
02520,72f9,狹
02521,72fd,狽
02522,72f8,狸
02523,72f7,狷
02524,731c,猜
02525,731b,猛
02526,7316,猖
02527,7313,猓
02528,7319,猙
02529,7336,猶
02530,7325,猥
02531,7334,猴
02532,7329,猩
02533,7337,猷
02534,7345,獅
02535,733f,猿
02536,733e,猾
02537,7344,獄
02538,7350,獐
02539,734e,獎
02540,7357,獗
02541,7368,獨
02542,7370,獰
02543,7372,獲
02544,7377,獷
02545,7375,獵
02546,7378,獸
02547,737a,獺
02548,737b,獻
02549,7380,玀
02550,7384,玄
02551,7387,率
02552,738b,王
02553,7389,玉
02554,7396,玖
02555,73a9,玩
02556,73a8,玨
02557,739f,玟
02558,73ab,玫
02559,73b7,玷
02560,73ca,珊
02561,73bb,玻
02562,73b2,玲
02563,73cd,珍
02564,73c0,珀
02565,73b3,玳
02566,73ed,班
02567,7409,琉
02568,73ee,珮
02569,73e0,珠
02570,7405,琅
02571,740a,琊
02572,7403,球
02573,7406,理
02574,73fe,現
02575,740d,琍
02576,743a,琺
02577,742a,琪
02578,7433,琳
02579,7422,琢
02580,7425,琥
02581,7435,琵
02582,7436,琶
02583,7434,琴
02584,746f,瑯
02585,745a,瑚
02586,7455,瑕
02587,745f,瑟
02588,745e,瑞
02589,7441,瑁
02590,743f,琿
02591,7459,瑙
02592,745b,瑛
02593,745c,瑜
02594,7464,瑤
02595,7463,瑣
02596,746a,瑪
02597,7470,瑰
02598,7469,瑩
02599,748b,璋
02600,7483,璃
02601,749c,璜
02602,74a3,璣
02603,74a9,璩
02604,74b0,環
02605,74a6,璦
02606,74a7,璧
02607,74bd,璽
02608,74ca,瓊
02609,74cf,瓏
02610,74dc,瓜
02611,74e0,瓠
02612,74e2,瓢
02613,74e3,瓣
02614,74e6,瓦
02615,74f6,瓶
02616,74f7,瓷
02617,7504,甄
02618,750c,甌
02619,7515,甕
02620,7518,甘
02621,751a,甚
02622,751c,甜
02623,751f,生
02624,7522,產
02625,7525,甥
02626,7526,甦
02627,7528,用
02628,7529,甩
02629,752c,甬
02630,752b,甫
02631,752d,甭
02632,7530,田
02633,7531,由
02634,7532,甲
02635,7533,申
02636,7537,男
02637,7538,甸
02638,753d,甽
02639,754f,畏
02640,754c,界
02641,7554,畔
02642,755d,畝
02643,755c,畜
02644,755a,畚
02645,7559,留
02646,7565,略
02647,7566,畦
02648,7562,畢
02649,7570,異
02650,756b,畫
02651,756a,番
02652,7576,當
02653,7578,畸
02654,7587,疇
02655,7586,疆
02656,758a,疊
02657,758b,疋
02658,758f,疏
02659,7591,疑
02660,759d,疝
02661,7599,疙
02662,759a,疚
02663,75ab,疫
02664,75a4,疤
02665,75a5,疥
02666,75be,疾
02667,75c5,病
02668,75c7,症
02669,75b2,疲
02670,75b3,疳
02671,75bd,疽
02672,75bc,疼
02673,75b9,疹
02674,75ca,痊
02675,75d4,痔
02676,75d5,痕
02677,75b5,疵
02678,75e2,痢
02679,75db,痛
02680,75e3,痣
02681,75d9,痙
02682,75d8,痘
02683,75de,痞
02684,7600,瘀
02685,75f0,痰
02686,7601,瘁
02687,75f2,痲
02688,75f1,痱
02689,75fa,痺
02690,75ff,痿
02691,75f4,痴
02692,7627,瘧
02693,760d,瘍
02694,760b,瘋
02695,7609,瘉
02696,7613,瘓
02697,7620,瘠
02698,7629,瘩
02699,761f,瘟
02700,7624,瘤
02701,7626,瘦
02702,7621,瘡
02703,7634,瘴
02704,7638,瘸
02705,7646,癆
02706,7642,療
02707,764c,癌
02708,7656,癖
02709,7658,癘
02710,7652,癒
02711,7662,癢
02712,7665,癥
02713,7669,癩
02714,766e,癮
02715,766c,癬
02716,7671,癱
02717,7672,癲
02718,7678,癸
02719,767b,登
02720,767c,發
02721,767d,白
02722,767e,百
02723,7682,皂
02724,7684,的
02725,7686,皆
02726,7687,皇
02727,7688,皈
02728,768e,皎
02729,7696,皖
02730,7693,皓
02731,769a,皚
02732,76ae,皮
02733,76b0,皰
02734,76b4,皴
02735,76ba,皺
02736,76bf,皿
02737,76c2,盂
02738,76c8,盈
02739,76c6,盆
02740,76c3,盃
02741,76ca,益
02742,76cd,盍
02743,76ce,盎
02744,76d4,盔
02745,76d2,盒
02746,76db,盛
02747,76dc,盜
02748,76de,盞
02749,76df,盟
02750,76e1,盡
02751,76e3,監
02752,76e4,盤
02753,76e7,盧
02754,76e5,盥
02755,76ea,盪
02756,76ee,目
02757,76ef,盯
02758,76f2,盲
02759,76f4,直
02760,7701,省
02761,76f9,盹
02762,76f8,相
02763,7709,眉
02764,770b,看
02765,76fe,盾
02766,76fc,盼
02767,7729,眩
02768,771f,真
02769,7720,眠
02770,7728,眨
02771,7737,眷
02772,773e,眾
02773,773c,眼
02774,7736,眶
02775,7738,眸
02776,773a,眺
02777,774f,睏
02778,775b,睛
02779,776b,睫
02780,7766,睦
02781,775e,睞
02782,7763,督
02783,7779,睹
02784,776a,睪
02785,776c,睬
02786,775c,睜
02787,7765,睥
02788,7768,睨
02789,7784,瞄
02790,777d,睽
02791,777f,睿
02792,7761,睡
02793,778e,瞎
02794,7787,瞇
02795,778c,瞌
02796,7791,瞑
02797,77a0,瞠
02798,779e,瞞
02799,779f,瞟
02800,77a5,瞥
02801,77b3,瞳
02802,77aa,瞪
02803,77b0,瞰
02804,77ac,瞬
02805,77a7,瞧
02806,77ad,瞭
02807,77bd,瞽
02808,77bf,瞿
02809,77bb,瞻
02810,77c7,矇
02811,77d3,矓
02812,77d7,矗
02813,77da,矚
02814,77db,矛
02815,77dc,矜
02816,77e2,矢
02817,77e3,矣
02818,77e5,知
02819,77e9,矩
02820,77ed,短
02821,77ee,矮
02822,77ef,矯
02823,77f3,石
02824,77fd,矽
02825,7802,砂
02826,7814,研
02827,780c,砌
02828,780d,砍
02829,7830,砰
02830,7827,砧
02831,7838,砸
02832,781d,砝
02833,7834,破
02834,7837,砷
02835,7825,砥
02836,782d,砭
02837,786b,硫
02838,7843,硃
02839,785d,硝
02840,786c,硬
02841,786f,硯
02842,788e,碎
02843,78b0,碰
02844,7897,碗
02845,7898,碘
02846,788c,碌
02847,7889,碉
02848,787c,硼
02849,7891,碑
02850,78c1,磁
02851,789f,碟
02852,78a7,碧
02853,78b3,碳
02854,78a9,碩
02855,78cb,磋
02856,78c5,磅
02857,78ba,確
02858,78ca,磊
02859,78be,碾
02860,78d5,磕
02861,78bc,碼
02862,78d0,磐
02863,78e8,磨
02864,78da,磚
02865,78ec,磬
02866,78f7,磷
02867,78fa,磺
02868,78f4,磴
02869,78ef,磯
02870,7901,礁
02871,790e,礎
02872,7919,礙
02873,7926,礦
02874,792a,礪
02875,792c,礬
02876,792b,礫
02877,793a,示
02878,793e,社
02879,7940,祀
02880,7941,祁
02881,7946,祆
02882,7949,祉
02883,7948,祈
02884,7947,祇
02885,7955,祕
02886,7950,祐
02887,7960,祠
02888,795f,祟
02889,7956,祖
02890,795e,神
02891,795d,祝
02892,7957,祗
02893,795a,祚
02894,7965,祥
02895,7968,票
02896,796d,祭
02897,797a,祺
02898,797f,祿
02899,7981,禁
02900,798e,禎
02901,798f,福
02902,798d,禍
02903,79a6,禦
02904,79a7,禧
02905,79aa,禪
02906,79ae,禮
02907,79b1,禱
02908,79b9,禹
02909,842c,萬
02910,79bd,禽
02911,79be,禾
02912,79c1,私
02913,79c0,秀
02914,79bf,禿
02915,79c9,秉
02916,79d1,科
02917,79d2,秒
02918,79cb,秋
02919,79e4,秤
02920,79e3,秣
02921,79e7,秧
02922,79df,租
02923,79e6,秦
02924,79e9,秩
02925,79fb,移
02926,7a0d,稍
02927,7a08,稈
02928,7a0b,程
02929,7a05,稅
02930,7a00,稀
02931,7a1c,稜
02932,7a1a,稚
02933,7a20,稠
02934,7a14,稔
02935,7a1f,稟
02936,7a2e,種
02937,7a31,稱
02938,7a3f,稿
02939,7a3c,稼
02940,7a40,穀
02941,7a3d,稽
02942,7a37,稷
02943,7a3b,稻
02944,7a4d,積
02945,7a4e,穎
02946,7a46,穆
02947,7a4c,穌
02948,7a57,穗
02949,7a61,穡
02950,7a62,穢
02951,7a6b,穫
02952,7a69,穩
02953,7a74,穴
02954,7a76,究
02955,7a7a,空
02956,7a79,穹
02957,7a7f,穿
02958,7a81,突
02959,7a84,窄
02960,7a88,窈
02961,7a92,窒
02962,7a95,窕
02963,7a98,窘
02964,7a97,窗
02965,7a96,窖
02966,7a9f,窟
02967,7aa0,窠
02968,7aaa,窪
02969,7aa9,窩
02970,7aaf,窯
02971,7aae,窮
02972,7aba,窺
02973,7ac4,竄
02974,7ac5,竅
02975,7ac7,竇
02976,7aca,竊
02977,7acb,立
02978,7ad9,站
02979,7ae5,童
02980,7ae3,竣
02981,7aed,竭
02982,7aef,端
02983,7af6,競
02984,7af9,竹
02985,7afa,竺
02986,7aff,竿
02987,7afd,竽
02988,7b06,笆
02989,7b11,笑
02990,7b20,笠
02991,7b28,笨
02992,7b1b,笛
02993,7b2c,第
02994,7b26,符
02995,7b19,笙
02996,7b1e,笞
02997,7b49,等
02998,7b56,策
02999,7b46,筆
03000,7b50,筐
03001,7b52,筒
03002,7b54,答
03003,7b4d,筍
03004,7b4b,筋
03005,7b4f,筏
03006,7b77,筷
03007,7bc0,節
03008,7b60,筠
03009,7ba1,管
03010,7b95,箕
03011,7b8b,箋
03012,7b75,筵
03013,7b97,算
03014,7b9d,箝
03015,7b94,箔
03016,7b8f,箏
03017,7bad,箭
03018,7bb1,箱
03019,7bc4,範
03020,7bb4,箴
03021,7bc6,篆
03022,7bc7,篇
03023,7bc1,篁
03024,7bd9,篙
03025,7c11,簑
03026,7bc9,築
03027,7be4,篤
03028,7bdb,篛
03029,7be1,篡
03030,7be9,篩
03031,7c07,簇
03032,7c0d,簍
03033,7bfe,篾
03034,7bf7,篷
03035,7c2b,簫
03036,7c27,簧
03037,7c2a,簪
03038,7c1e,簞
03039,7c23,簣
03040,7c21,簡
03041,7c3e,簾
03042,7c3f,簿
03043,7c38,簸
03044,7c3d,簽
03045,7c37,簷
03046,7c4c,籌
03047,7c43,籃
03048,7c4d,籍
03049,7c50,籐
03050,7c60,籠
03051,7c5f,籟
03052,7c64,籤
03053,7c6c,籬
03054,7c6e,籮
03055,7c72,籲
03056,7c73,米
03057,7c89,粉
03058,7c92,粒
03059,7c97,粗
03060,7c9f,粟
03061,7ca5,粥
03062,7cb1,粱
03063,7cb3,粳
03064,7cb5,粵
03065,7cb9,粹
03066,7cbd,粽
03067,7cbe,精
03068,7cca,糊
03069,7cd5,糕
03070,7cd6,糖
03071,7ce0,糠
03072,7cdc,糜
03073,7cde,糞
03074,7ce2,糢
03075,7cdf,糟
03076,7cd9,糙
03077,7ce7,糧
03078,7cef,糯
03079,7cf8,糸
03080,7cfb,系
03081,7cfe,糾
03082,7d02,紂
03083,7d05,紅
03084,7d00,紀
03085,7d09,紉
03086,7d07,紇
03087,7d04,約
03088,7d21,紡
03089,7d17,紗
03090,7d0b,紋
03091,7d0a,紊
03092,7d20,素
03093,7d22,索
03094,7d14,純
03095,7d10,紐
03096,7d15,紕
03097,7d1a,級
03098,7d1c,紜
03099,7d0d,納
03100,7d19,紙
03101,7d1b,紛
03102,7d46,絆
03103,7d43,絃
03104,7d71,統
03105,7d2e,紮
03106,7d39,紹
03107,7d3c,紼
03108,7d40,絀
03109,7d30,細
03110,7d33,紳
03111,7d44,組
03112,7d2f,累
03113,7d42,終
03114,7d5e,絞
03115,7d50,結
03116,7d68,絨
03117,7d55,絕
03118,7d2b,紫
03119,7d6e,絮
03120,7d72,絲
03121,7d61,絡
03122,7d66,給
03123,7d62,絢
03124,7d93,經
03125,7d79,絹
03126,7d91,綑
03127,7d81,綁
03128,7d8f,綏
03129,7dbb,綻
03130,7db0,綰
03131,7d9c,綜
03132,7dbd,綽
03133,7dbe,綾
03134,7da0,綠
03135,7dca,緊
03136,7db4,綴
03137,7db2,網
03138,7db1,綱
03139,7dba,綺
03140,7da2,綢
03141,7dbf,綿
03142,7db5,綵
03143,7db8,綸
03144,7dad,維
03145,7dd2,緒
03146,7dc7,緇
03147,7de0,締
03148,7df4,練
03149,7def,緯
03150,7dfb,緻
03151,7dd8,緘
03152,7dec,緬
03153,7ddd,緝
03154,7de8,編
03155,7de3,緣
03156,7dda,線
03157,7dde,緞
03158,7de9,緩
03159,7d9e,綞
03160,7e0a,縊
03161,7e11,縑
03162,7e08,縈
03163,7e1b,縛
03164,7e23,縣
03165,7e2e,縮
03166,7e3e,績
03167,7e46,繆
03168,7e37,縷
03169,7e32,縲
03170,7e43,繃
03171,7e2b,縫
03172,7e3d,總
03173,7e31,縱
03174,7e45,繅
03175,7e41,繁
03176,7e54,織
03177,7e55,繕
03178,7e5e,繞
03179,7e5a,繚
03180,7e61,繡
03181,7e6b,繫
03182,7e6d,繭
03183,7e79,繹
03184,7e69,繩
03185,7e6a,繪
03186,8fae,辮
03187,7e7d,繽
03188,7e7c,繼
03189,7e82,纂
03190,7e8f,纏
03191,7e8c,續
03192,7e93,纓
03193,7e96,纖
03194,7e9c,纜
03195,7f36,缶
03196,7f38,缸
03197,7f3a,缺
03198,7f3d,缽
03199,7f44,罄
03200,7f48,罈
03201,7f50,罐
03202,7f55,罕
03203,7f54,罔
03204,7f5f,罟
03205,7f6e,置
03206,7f69,罩
03207,7f6a,罪
03208,7f72,署
03209,7f70,罰
03210,7f75,罵
03211,7f77,罷
03212,7f79,罹
03213,7f85,羅
03214,7f88,羈
03215,7f8a,羊
03216,7f8c,羌
03217,7f8b,羋
03218,7f8e,美
03219,7f94,羔
03220,7f9e,羞
03221,7f9a,羚
03222,5584,善
03223,7fa9,義
03224,7fa8,羨
03225,7fa4,群
03226,7faf,羯
03227,7fb2,羲
03228,7fb6,羶
03229,7fb9,羹
03230,7fb8,羸
03231,7fbd,羽
03232,7fbf,羿
03233,7fc5,翅
03234,7fc1,翁
03235,7fcc,翌
03236,7fce,翎
03237,7fd2,習
03238,7fd4,翔
03239,7fd5,翕
03240,7fe0,翠
03241,7fe1,翡
03242,7fdf,翟
03243,7fe9,翩
03244,7ff0,翰
03245,7ff1,翱
03246,7ff3,翳
03247,7ffc,翼
03248,7ff9,翹
03249,7ffb,翻
03250,8000,耀
03251,8001,老
03252,8003,考
03253,8005,者
03254,8006,耆
03255,800c,而
03256,8010,耐
03257,800d,耍
03258,8012,耒
03259,8018,耘
03260,8015,耕
03261,8019,耙
03262,8017,耗
03263,801c,耜
03264,8033,耳
03265,8036,耶
03266,803d,耽
03267,803f,耿
03268,804a,聊
03269,8046,聆
03270,8056,聖
03271,8058,聘
03272,805e,聞
03273,805a,聚
03274,8071,聱
03275,8072,聲
03276,8070,聰
03277,806f,聯
03278,8073,聳
03279,8077,職
03280,8076,聶
03281,807e,聾
03282,807d,聽
03283,807f,聿
03284,8086,肆
03285,8084,肄
03286,8085,肅
03287,8087,肇
03288,8089,肉
03289,808b,肋
03290,808c,肌
03291,8096,肖
03292,8093,肓
03293,809d,肝
03294,8098,肘
03295,809b,肛
03296,809a,肚
03297,80b2,育
03298,80ba,肺
03299,80a5,肥
03300,80a2,肢
03301,80b1,肱
03302,80a1,股
03303,80ab,肫
03304,80a9,肩
03305,80b4,肴
03306,80aa,肪
03307,80af,肯
03308,80d6,胖
03309,80e5,胥
03310,80da,胚
03311,80c3,胃
03312,80c4,胄
03313,80cc,背
03314,80e1,胡
03315,80db,胛
03316,80ce,胎
03317,80de,胞
03318,80e4,胤
03319,80f1,胱
03320,8102,脂
03321,80f0,胰
03322,8105,脅
03323,80ed,胭
03324,80f4,胴
03325,8106,脆
03326,80f8,胸
03327,80f3,胳
03328,8108,脈
03329,80fd,能
03330,810a,脊
03331,812f,脯
03332,8116,脖
03333,8123,脣
03334,812b,脫
03335,8129,脩
03336,8155,腕
03337,8154,腔
03338,814b,腋
03339,8151,腑
03340,814e,腎
03341,8139,脹
03342,8146,腆
03343,813e,脾
03344,8150,腐
03345,8171,腱
03346,8170,腰
03347,8178,腸
03348,8165,腥
03349,816e,腮
03350,8173,腳
03351,816b,腫
03352,8179,腹
03353,817a,腺
03354,8166,腦
03355,8180,膀
03356,818f,膏
03357,8188,膈
03358,818a,膊
03359,817f,腿
03360,819b,膛
03361,819c,膜
03362,819d,膝
03363,81a0,膠
03364,819a,膚
03365,81b3,膳
03366,81a9,膩
03367,81a8,膨
03368,81c6,臆
03369,81c3,臃
03370,81ba,膺
03371,81c2,臂
03372,81c0,臀
03373,81bf,膿
03374,81bd,膽
03375,81c9,臉
03376,81be,膾
03377,81cd,臍
03378,81cf,臏
03379,81d8,臘
03380,81da,臚
03381,81df,臟
03382,81e3,臣
03383,81e5,臥
03384,81e7,臧
03385,81e8,臨
03386,81ea,自
03387,81ed,臭
03388,81ec,臬
03389,81f3,至
03390,81f4,致
03391,81fa,臺
03392,81fb,臻
03393,81fc,臼
03394,81fe,臾
03395,8200,舀
03396,8202,舂
03397,8205,舅
03398,8207,與
03399,8208,興
03400,8209,舉
03401,820a,舊
03402,820c,舌
03403,820d,舍
03404,8210,舐
03405,8212,舒
03406,8214,舔
03407,821b,舛
03408,821c,舜
03409,821e,舞
03410,821f,舟
03411,8222,舢
03412,822a,航
03413,822b,舫
03414,8228,舨
03415,822c,般
03416,8235,舵
03417,8237,舷
03418,8236,舶
03419,8239,船
03420,8247,艇
03421,8258,艘
03422,8259,艙
03423,8266,艦
03424,826e,艮
03425,826f,良
03426,8271,艱
03427,8272,色
03428,827e,艾
03429,8292,芒
03430,828b,芋
03431,828d,芍
03432,82b3,芳
03433,829d,芝
03434,8299,芙
03435,82ad,芭
03436,82bd,芽
03437,829f,芟
03438,82b9,芹
03439,82b1,花
03440,82ac,芬
03441,82a5,芥
03442,82bb,芻
03443,82e7,苧
03444,8303,范
03445,8305,茅
03446,82e3,苣
03447,82db,苛
03448,82e6,苦
03449,8304,茄
03450,82e5,若
03451,8302,茂
03452,8309,茉
03453,82d2,苒
03454,82d7,苗
03455,82f1,英
03456,8301,茁
03457,82dc,苜
03458,82d4,苔
03459,82d1,苑
03460,82de,苞
03461,82d3,苓
03462,82df,苟
03463,832b,茫
03464,8352,荒
03465,8354,荔
03466,834a,荊
03467,8338,茸
03468,8350,荐
03469,8349,草
03470,8335,茵
03471,8334,茴
03472,834f,荏
03473,8332,茲
03474,8339,茹
03475,8336,茶
03476,8317,茗
03477,8340,荀
03478,8331,茱
03479,838e,莎
03480,839e,莞
03481,8398,莘
03482,8378,荸
03483,83a2,莢
03484,8396,莖
03485,83bd,莽
03486,83ab,莫
03487,8392,莒
03488,838a,莊
03489,8393,莓
03490,8389,莉
03491,83a0,莠
03492,8377,荷
03493,837b,荻
03494,837c,荼
03495,83e9,菩
03496,8403,萃
03497,83f8,菸
03498,840d,萍
03499,83e0,菠
03500,83c5,菅
03501,840b,萋
03502,83c1,菁
03503,83ef,華
03504,83f1,菱
03505,83f4,菴
03506,8457,著
03507,840a,萊
03508,83f0,菰
03509,840c,萌
03510,83cc,菌
03511,83fd,菽
03512,83f2,菲
03513,83ca,菊
03514,8438,萸
03515,840e,萎
03516,8404,萄
03517,83dc,菜
03518,8482,蒂
03519,8477,葷
03520,843d,落
03521,8431,萱
03522,8475,葵
03523,8466,葦
03524,846b,葫
03525,8449,葉
03526,846c,葬
03527,845b,葛
03528,843c,萼
03529,8435,萵
03530,8461,葡
03531,8463,董
03532,8469,葩
03533,84c9,蓉
03534,84bf,蒿
03535,84c6,蓆
03536,84c4,蓄
03537,8499,蒙
03538,849e,蒞
03539,84b2,蒲
03540,849c,蒜
03541,84cb,蓋
03542,84b8,蒸
03543,84c0,蓀
03544,84d3,蓓
03545,8490,蒐
03546,84bc,蒼
03547,8517,蔗
03548,853d,蔽
03549,851a,蔚
03550,84ee,蓮
03551,852c,蔬
03552,852d,蔭
03553,8513,蔓
03554,8511,蔑
03555,8523,蔣
03556,8521,蔡
03557,8514,蔔
03558,84ec,蓬
03559,8525,蔥
03560,84ff,蓿
03561,854a,蕊
03562,8559,蕙
03563,8548,蕈
03564,8568,蕨
03565,8569,蕩
03566,8543,蕃
03567,8549,蕉
03568,856d,蕭
03569,856a,蕪
03570,85aa,薪
03571,8584,薄
03572,857e,蕾
03573,859c,薜
03574,8591,薑
03575,8594,薔
03576,85af,薯
03577,859b,薛
03578,8587,薇
03579,85cf,藏
03580,85a9,薩
03581,85cd,藍
03582,85d0,藐
03583,85c9,藉
03584,85b0,薰
03585,85e9,藩
03586,85dd,藝
03587,85ea,藪
03588,85d5,藕
03589,85e4,藤
03590,85e5,藥
03591,85fb,藻
03592,85f9,藹
03593,8611,蘑
03594,85fa,藺
03595,8606,蘆
03596,860b,蘋
03597,8607,蘇
03598,860a,蘊
03599,8617,蘗
03600,862d,蘭
03601,861a,蘚
03602,8638,蘸
03603,863f,蘿
03604,864e,虎
03605,8650,虐
03606,8654,虔
03607,8655,處
03608,5f6a,彪
03609,865b,虛
03610,865c,虜
03611,865e,虞
03612,865f,號
03613,8667,虧
03614,866b,虫
03615,8671,虱
03616,8679,虹
03617,868a,蚊
03618,86aa,蚪
03619,8693,蚓
03620,86a4,蚤
03621,86a9,蚩
03622,868c,蚌
03623,86a3,蚣
03624,86c7,蛇
03625,86c0,蛀
03626,86b6,蚶
03627,86c4,蛄
03628,86b5,蚵
03629,86c6,蛆
03630,86cb,蛋
03631,86b1,蚱
03632,86af,蚯
03633,86df,蛟
03634,86d9,蛙
03635,86ed,蛭
03636,86d4,蛔
03637,86db,蛛
03638,86e4,蛤
03639,86f9,蛹
03640,8713,蜓
03641,8708,蜈
03642,8707,蜇
03643,8700,蜀
03644,86fe,蛾
03645,86fb,蛻
03646,8702,蜂
03647,8703,蜃
03648,873f,蜿
03649,871c,蜜
03650,873b,蜻
03651,8722,蜢
03652,8725,蜥
03653,8734,蜴
03654,8718,蜘
03655,8755,蝕
03656,8782,螂
03657,8774,蝴
03658,8776,蝶
03659,8760,蝠
03660,8766,蝦
03661,8778,蝸
03662,8768,蝨
03663,8759,蝙
03664,8757,蝗
03665,874c,蝌
03666,8783,螃
03667,879f,螟
03668,879e,螞
03669,87a2,螢
03670,878d,融
03671,87c0,蟀
03672,87d1,蟑
03673,87b3,螳
03674,87d2,蟒
03675,87c6,蟆
03676,87ab,螫
03677,87bb,螻
03678,87ba,螺
03679,87c8,蟈
03680,87cb,蟋
03681,87ef,蟯
03682,87ec,蟬
03683,87f2,蟲
03684,87fb,蟻
03685,8805,蠅
03686,880d,蠍
03687,87f9,蟹
03688,8814,蠔
03689,8815,蠕
03690,8823,蠣
03691,8822,蠢
03692,8821,蠡
03693,881f,蠟
03694,8831,蠱
03695,8836,蠶
03696,8839,蠹
03697,883b,蠻
03698,8840,血
03699,884c,行
03700,884d,衍
03701,8853,術
03702,8857,街
03703,8859,衙
03704,885b,衛
03705,885d,衝
03706,8861,衡
03707,8862,衢
03708,8863,衣
03709,521d,初
03710,8868,表
03711,886b,衫
03712,8870,衰
03713,8877,衷
03714,8881,袁
03715,8882,袂
03716,889e,袞
03717,8888,袈
03718,88ab,被
03719,8892,袒
03720,8896,袖
03721,888d,袍
03722,888b,袋
03723,88c1,裁
03724,88c2,裂
03725,88b1,袱
03726,88df,裟
03727,88d4,裔
03728,88d9,裙
03729,88dc,補
03730,88d8,裘
03731,88dd,裝
03732,88e1,裡
03733,88ca,裊
03734,88d5,裕
03735,88f3,裳
03736,8902,褂
03737,88f4,裴
03738,88f9,裹
03739,88f8,裸
03740,88fd,製
03741,88e8,裨
03742,891a,褚
03743,8910,褐
03744,8907,複
03745,8912,褒
03746,8913,褓
03747,892a,褪
03748,8932,褲
03749,8925,褥
03750,892b,褫
03751,893b,褻
03752,8936,褶
03753,8944,襄
03754,8938,褸
03755,8960,襠
03756,895f,襟
03757,8956,襖
03758,8964,襤
03759,896a,襪
03760,8972,襲
03761,896f,襯
03762,897f,西
03763,8981,要
03764,8983,覃
03765,8986,覆
03766,898b,見
03767,8993,覓
03768,898f,規
03769,8996,視
03770,89aa,親
03771,89a6,覦
03772,89ac,覬
03773,89b2,覲
03774,89ba,覺
03775,89bd,覽
03776,89c0,觀
03777,89d2,角
03778,89e3,解
03779,89f4,觴
03780,89f8,觸
03781,8a00,言
03782,8a08,計
03783,8a02,訂
03784,8a03,訃
03785,8a18,記
03786,8a10,訐
03787,8a0e,討
03788,8a0c,訌
03789,8a15,訕
03790,8a0a,訊
03791,8a17,託
03792,8a13,訓
03793,8a16,訖
03794,8a2a,訪
03795,8a1d,訝
03796,8a23,訣
03797,8a25,訥
03798,8a31,許
03799,8a2d,設
03800,8a1f,訟
03801,8a1b,訛
03802,8a3b,註
03803,8a60,詠
03804,8a55,評
03805,8a5e,詞
03806,8a3c,証
03807,8a41,詁
03808,8a54,詔
03809,8a5b,詛
03810,8a50,詐
03811,8a46,詆
03812,8a34,訴
03813,8a3a,診
03814,8a6b,詫
03815,8a72,該
03816,8a73,詳
03817,8a66,試
03818,8a69,詩
03819,8a70,詰
03820,8a87,誇
03821,8a7c,詼
03822,8a63,詣
03823,8aa0,誠
03824,8a71,話
03825,8a85,誅
03826,8a6d,詭
03827,8a62,詢
03828,8a6e,詮
03829,8a6c,詬
03830,8a79,詹
03831,8aa6,誦
03832,8a8c,誌
03833,8a9e,語
03834,8aa3,誣
03835,8a8d,認
03836,8aa1,誡
03837,8a93,誓
03838,8aa4,誤
03839,8aaa,說
03840,8aa5,誥
03841,8aa8,誨
03842,8a98,誘
03843,8a91,誑
03844,8abc,誼
03845,8ad2,諒
03846,8ac7,談
03847,8ac4,諄
03848,8a95,誕
03849,8acb,請
03850,8af8,諸
03851,8ab2,課
03852,8ac9,諉
03853,8ac2,諂
03854,8abf,調
03855,8ab0,誰
03856,8ad6,論
03857,8acd,諍
03858,8ae6,諦
03859,8afa,諺
03860,8aeb,諫
03861,8af1,諱
03862,8b00,謀
03863,8adc,諜
03864,8ae7,諧
03865,8aee,諮
03866,8afe,諾
03867,8b01,謁
03868,8b02,謂
03869,8af7,諷
03870,8aed,諭
03871,8b0e,謎
03872,8b17,謗
03873,8b19,謙
03874,8b1b,講
03875,8b0a,謊
03876,8b20,謠
03877,8b1d,謝
03878,8b04,謄
03879,8b28,謨
03880,8b39,謹
03881,8b2c,謬
03882,8b41,譁
03883,8b5c,譜
03884,8b58,識
03885,8b49,證
03886,8b5a,譚
03887,8b4e,譎
03888,8b4f,譏
03889,8b70,議
03890,8b6c,譬
03891,8b66,警
03892,8b6f,譯
03893,8b74,譴
03894,8b77,護
03895,8b7d,譽
03896,8b80,讀
03897,8b8a,變
03898,8b93,讓
03899,8b92,讒
03900,8b96,讖
03901,8b9a,讚
03902,8c37,谷
03903,8c41,豁
03904,8c3f,谿
03905,8c46,豆
03906,8c48,豈
03907,8c49,豉
03908,8c4c,豌
03909,8c4e,豎
03910,8c50,豐
03911,8c54,豔
03912,8c55,豕
03913,8c5a,豚
03914,8c61,象
03915,8c62,豢
03916,8c6a,豪
03917,8c6c,豬
03918,8c6b,豫
03919,8c7a,豺
03920,8c79,豹
03921,8c82,貂
03922,8c8a,貊
03923,8c89,貉
03924,8c8d,貍
03925,8c8c,貌
03926,8c93,貓
03927,8c9d,貝
03928,8c9e,貞
03929,8ca0,負
03930,8ca1,財
03931,8ca2,貢
03932,8ca9,販
03933,8cac,責
03934,8cab,貫
03935,8ca8,貨
03936,8caa,貪
03937,8ca7,貧
03938,8caf,貯
03939,8cbc,貼
03940,8cb3,貳
03941,8cbd,貽
03942,8cc1,賁
03943,8cbb,費
03944,8cc0,賀
03945,8cb4,貴
03946,8cb7,買
03947,8cb6,貶
03948,8cbf,貿
03949,8cb8,貸
03950,8cca,賊
03951,8cc7,資
03952,8cc8,賈
03953,8cc4,賄
03954,8cb2,貲
03955,8cc3,賃
03956,8cc2,賂
03957,8cc5,賅
03958,8cd3,賓
03959,8cd1,賑
03960,8cd2,賒
03961,8ce0,賠
03962,8cde,賞
03963,8ce6,賦
03964,8ce4,賤
03965,8cec,賬
03966,8ced,賭
03967,8ce2,賢
03968,8ce3,賣
03969,8cdc,賜
03970,8cea,質
03971,8cf4,賴
03972,8cfa,賺
03973,8cfd,賽
03974,8cfc,購
03975,8d05,贅
03976,8d08,贈
03977,8d0a,贊
03978,8d0f,贏
03979,8d0d,贍
03980,8d13,贓
03981,8d16,贖
03982,8d17,贗
03983,8d1b,贛
03984,8d64,赤
03985,8d67,赧
03986,8d66,赦
03987,8d6b,赫
03988,8d6d,赭
03989,8d70,走
03990,8d74,赴
03991,8d73,赳
03992,8d77,起
03993,8d8a,越
03994,8d85,超
03995,8d81,趁
03996,8d99,趙
03997,8d95,趕
03998,8d9f,趟
03999,8da3,趣
04000,8da8,趨
04001,8db3,足
04002,8db4,趴
04003,8dbe,趾
04004,8dce,跎
04005,8ddd,距
04006,8dcb,跋
04007,8dda,跚
04008,8dd1,跑
04009,8dcc,跌
04010,8ddb,跛
04011,8dc6,跆
04012,8de1,跡
04013,8ddf,跟
04014,8de8,跨
04015,8def,路
04016,8df3,跳
04017,8dfa,跺
04018,8dea,跪
04019,8dfc,跼
04020,8e2b,踫
04021,8e10,踐
04022,8e1d,踝
04023,8e22,踢
04024,8e0f,踏
04025,8e29,踩
04026,8e1f,踟
04027,8e44,蹄
04028,8e31,踱
04029,8e34,踴
04030,8e42,蹂
04031,8e39,踹
04032,8e35,踵
04033,8e49,蹉
04034,8e4b,蹋
04035,8e48,蹈
04036,8e4a,蹊
04037,8e59,蹙
04038,8e63,蹣
04039,8e66,蹦
04040,8e64,蹤
04041,8e7c,蹼
04042,8e72,蹲
04043,8e87,躇
04044,8e76,蹶
04045,8e6c,蹬
04046,8e7a,蹺
04047,8e89,躉
04048,8e81,躁
04049,8e85,躅
04050,8e82,躂
04051,8e8a,躊
04052,8e8d,躍
04053,8e91,躑
04054,8ea1,躡
04055,8eaa,躪
04056,8eab,身
04057,8eac,躬
04058,8eb2,躲
04059,8eba,躺
04060,8ec0,軀
04061,8eca,車
04062,8ecb,軋
04063,8ecd,軍
04064,8ecc,軌
04065,8ed2,軒
04066,8ed4,軔
04067,8edb,軛
04068,8edf,軟
04069,8efb,軻
04070,8ef8,軸
04071,8efc,軼
04072,8f03,較
04073,8f09,載
04074,8efe,軾
04075,8f0a,輊
04076,8f14,輔
04077,8f12,輒
04078,8f15,輕
04079,8f13,輓
04080,8f1d,輝
04081,8f1b,輛
04082,8f1f,輟
04083,8f29,輩
04084,8f26,輦
04085,8f2a,輪
04086,8f1c,輜
04087,8f3b,輻
04088,8f2f,輯
04089,8f38,輸
04090,8f44,轄
04091,8f3e,輾
04092,8f42,轂
04093,8f45,轅
04094,8f3f,輿
04095,8f49,轉
04096,8f4d,轍
04097,8f54,轔
04098,8f4e,轎
04099,8f5f,轟
04100,8f61,轡
04101,8f9b,辛
04102,8f9c,辜
04103,8f9f,辟
04104,8fa3,辣
04105,8fa8,辨
04106,8fa6,辦
04107,8fad,辭
04108,8faf,辯
04109,8fb0,辰
04110,8fb1,辱
04111,8fb2,農
04112,8fc2,迂
04113,8fc6,迆
04114,8fc5,迅
04115,8fc4,迄
04116,5de1,巡
04117,8fce,迎
04118,8fd4,返
04119,8fd1,近
04120,8ff0,述
04121,8fe6,迦
04122,8fe2,迢
04123,8fea,迪
04124,8fe5,迥
04125,8fed,迭
04126,8feb,迫
04127,9001,送
04128,9006,逆
04129,8ff7,迷
04130,9000,退
04131,8ffa,迺
04132,8ff4,迴
04133,9003,逃
04134,8ffd,追
04135,9005,逅
04136,9019,這
04137,900d,逍
04138,901a,通
04139,9017,逗
04140,9023,連
04141,901f,速
04142,901d,逝
04143,9010,逐
04144,9015,逕
04145,901e,逞
04146,9020,造
04147,900f,透
04148,9022,逢
04149,9016,逖
04150,901b,逛
04151,9014,途
04152,902e,逮
04153,9035,逵
04154,9031,週
04155,9038,逸
04156,9032,進
04157,904b,運
04158,904a,遊
04159,9053,道
04160,9042,遂
04161,9054,達
04162,903c,逼
04163,9055,違
04164,9050,遐
04165,9047,遇
04166,904f,遏
04167,904e,過
04168,904d,遍
04169,9051,遑
04170,903e,逾
04171,9041,遁
04172,9060,遠
04173,9058,遘
04174,905c,遜
04175,9063,遣
04176,9059,遙
04177,905e,遞
04178,9069,適
04179,906e,遮
04180,9068,遨
04181,906d,遭
04182,9077,遷
04183,9075,遵
04184,9074,遴
04185,9078,選
04186,9072,遲
04187,907c,遼
04188,907a,遺
04189,907f,避
04190,907d,遽
04191,9084,還
04192,9081,邁
04193,9082,邂
04194,9080,邀
04195,9087,邇
04196,908a,邊
04197,9090,邐
04198,908f,邏
04199,9091,邑
04200,9095,邕
04201,90a2,邢
04202,90aa,邪
04203,90a6,邦
04204,90a3,那
04205,90b5,邵
04206,90b8,邸
04207,90b1,邱
04208,90ca,郊
04209,90ce,郎
04210,90c1,郁
04211,90e1,郡
04212,90e8,部
04213,90ed,郭
04214,90fd,都
04215,9102,鄂
04216,90f5,郵
04217,9109,鄉
04218,9112,鄒
04219,9119,鄙
04220,9130,鄰
04221,912d,鄭
04222,9127,鄧
04223,9131,鄱
04224,9139,鄹
04225,9149,酉
04226,914b,酋
04227,914a,酊
04228,9152,酒
04229,914d,配
04230,914c,酌
04231,9157,酗
04232,9163,酣
04233,9165,酥
04234,916c,酬
04235,916a,酪
04236,9169,酩
04237,9175,酵
04238,9178,酸
04239,9177,酷
04240,9187,醇
04241,9189,醉
04242,918b,醋
04243,9183,醃
04244,9192,醒
04245,91a3,醣
04246,919e,醞
04247,919c,醜
04248,91ab,醫
04249,91ac,醬
04250,91ba,醺
04251,91c0,釀
04252,91c1,釁
04253,91c7,采
04254,91c9,釉
04255,91cb,釋
04256,91cc,里
04257,91cd,重
04258,91ce,野
04259,91cf,量
04260,91d0,釐
04261,91d1,金
04262,91d8,釘
04263,91dd,針
04264,91d7,釗
04265,91dc,釜
04266,91f5,釵
04267,91e6,釦
04268,91e3,釣
04269,91e7,釧
04270,9214,鈔
04271,9223,鈣
04272,9215,鈕
04273,9209,鈉
04274,921e,鈞
04275,920d,鈍
04276,9210,鈐
04277,9237,鈷
04278,9257,鉗
04279,9238,鈸
04280,923d,鈽
04281,9240,鉀
04282,923e,鈾
04283,925b,鉛
04284,924b,鉋
04285,9264,鉤
04286,9251,鉑
04287,9234,鈴
04288,9278,鉸
04289,92ac,銬
04290,9280,銀
04291,9285,銅
04292,9298,銘
04293,9296,銖
04294,927b,鉻
04295,9293,銓
04296,929c,銜
04297,92c5,鋅
04298,92bb,銻
04299,92b7,銷
04300,92ea,鋪
04301,92e4,鋤
04302,92c1,鋁
04303,92b3,銳
04304,92bc,銼
04305,92d2,鋒
04306,9320,錠
04307,9336,錶
04308,92f8,鋸
04309,9333,錳
04310,932f,錯
04311,9322,錢
04312,92fc,鋼
04313,932b,錫
04314,9304,錄
04315,931a,錚
04316,9310,錐
04317,9326,錦
04318,934d,鍍
04319,9382,鎂
04320,9328,錨
04321,9375,鍵
04322,934a,鍊
04323,9365,鍥
04324,934b,鍋
04325,9318,錘
04326,937e,鍾
04327,936c,鍬
04328,935b,鍛
04329,9370,鍰
04330,9394,鎔
04331,938a,鎊
04332,9396,鎖
04333,93a2,鎢
04334,93b3,鎳
04335,93ae,鎮
04336,93e1,鏡
04337,93d1,鏑
04338,93df,鏟
04339,93c3,鏃
04340,93c8,鏈
04341,93dc,鏜
04342,93dd,鏝
04343,93d6,鏖
04344,93e2,鏢
04345,93cd,鏍
04346,93d8,鏘
04347,93e4,鏤
04348,93d7,鏗
04349,9418,鐘
04350,9403,鐃
04351,93fd,鏽
04352,942e,鐮
04353,9433,鐳
04354,9435,鐵
04355,943a,鐺
04356,9438,鐸
04357,9432,鐲
04358,9444,鑄
04359,9451,鑑
04360,9452,鑒
04361,9463,鑣
04362,9460,鑠
04363,9472,鑲
04364,9470,鑰
04365,947d,鑽
04366,947e,鑾
04367,947c,鑼
04368,947f,鑿
04369,9577,長
04370,9580,門
04371,9582,閂
04372,9583,閃
04373,9589,閉
04374,9594,閔
04375,958f,閏
04376,958b,開
04377,9591,閑
04378,9593,間
04379,9592,閒
04380,9598,閘
04381,95a1,閡
04382,95a8,閨
04383,95a9,閩
04384,95a3,閣
04385,95a5,閥
04386,95a4,閤
04387,95ad,閭
04388,95b1,閱
04389,95bb,閻
04390,95ca,闊
04391,95cb,闋
04392,95cc,闌
04393,95c8,闈
04394,95c6,闆
04395,95d4,闔
04396,95d6,闖
04397,95d0,闐
04398,95dc,關
04399,95e1,闡
04400,95e2,闢
04401,961c,阜
04402,9621,阡
04403,9632,防
04404,962e,阮
04405,9631,阱
04406,962a,阪
04407,9640,陀
04408,963f,阿
04409,963b,阻
04410,9644,附
04411,9650,限
04412,964b,陋
04413,964c,陌
04414,964d,降
04415,9662,院
04416,9663,陣
04417,9661,陡
04418,965b,陛
04419,965d,陝
04420,9664,除
04421,966a,陪
04422,9675,陵
04423,9673,陳
04424,9678,陸
04425,9670,陰
04426,9674,陴
04427,9676,陶
04428,9677,陷
04429,968a,隊
04430,968e,階
04431,968b,隋
04432,967d,陽
04433,9685,隅
04434,9686,隆
04435,968d,隍
04436,9672,陲
04437,9698,隘
04438,9694,隔
04439,9695,隕
04440,9699,隙
04441,969c,障
04442,969b,際
04443,96a7,隧
04444,96a8,隨
04445,96aa,險
04446,96b1,隱
04447,96b4,隴
04448,96b8,隸
04449,96bb,隻
04450,96c0,雀
04451,96c1,雁
04452,96c5,雅
04453,96c4,雄
04454,96cb,雋
04455,96c6,集
04456,96c7,雇
04457,96cd,雍
04458,96c9,雉
04459,96cc,雌
04460,96d5,雕
04461,96d6,雖
04462,96dc,雜
04463,96d9,雙
04464,96db,雛
04465,96de,雞
04466,96e2,離
04467,96e3,難
04468,96e8,雨
04469,96ea,雪
04470,96ef,雯
04471,96f2,雲
04472,96f7,雷
04473,96fb,電
04474,96f9,雹
04475,96f6,零
04476,9700,需
04477,9704,霄
04478,9706,霆
04479,9707,震
04480,9709,霉
04481,970e,霎
04482,9711,霑
04483,9716,霖
04484,970d,霍
04485,9713,霓
04486,970f,霏
04487,971c,霜
04488,971e,霞
04489,972a,霪
04490,9727,霧
04491,9738,霸
04492,9739,霹
04493,9732,露
04494,973d,霽
04495,973e,霾
04496,9742,靂
04497,9748,靈
04498,9744,靄
04499,9752,青
04500,9756,靖
04501,975b,靛
04502,975c,靜
04503,975e,非
04504,9760,靠
04505,9761,靡
04506,9762,面
04507,9766,靦
04508,9768,靨
04509,9769,革
04510,9774,靴
04511,9776,靶
04512,977c,靼
04513,9785,鞅
04514,978d,鞍
04515,978b,鞋
04516,978f,鞏
04517,9798,鞘
04518,97a0,鞠
04519,97a3,鞣
04520,97a6,鞦
04521,97ad,鞭
04522,97c3,韃
04523,97c1,韁
04524,97c6,韆
04525,97cb,韋
04526,97cc,韌
04527,97d3,韓
04528,97dc,韜
04529,97ed,韭
04530,97f3,音
04531,7ae0,章
04532,7adf,竟
04533,97f6,韶
04534,97fb,韻
04535,97ff,響
04536,9801,頁
04537,9802,頂
04538,9803,頃
04539,9805,項
04540,9806,順
04541,9808,須
04542,9810,預
04543,9811,頑
04544,9813,頓
04545,980a,頊
04546,9812,頒
04547,980c,頌
04548,9817,頗
04549,9818,領
04550,9821,頡
04551,9830,頰
04552,9838,頸
04553,983b,頻
04554,9837,頷
04555,982d,頭
04556,9839,頹
04557,9824,頤
04558,9846,顆
04559,984d,額
04560,984f,顏
04561,984c,題
04562,984e,顎
04563,9853,顓
04564,985e,類
04565,9858,願
04566,985b,顛
04567,9867,顧
04568,986b,顫
04569,986f,顯
04570,9870,顰
04571,9871,顱
04572,98a8,風
04573,98af,颯
04574,98b1,颱
04575,98b3,颳
04576,98b6,颶
04577,98ba,颺
04578,98bc,颼
04579,98c4,飄
04580,98db,飛
04581,98df,食
04582,98e2,飢
04583,98e7,飧
04584,98ea,飪
04585,98ef,飯
04586,98e9,飩
04587,98f2,飲
04588,98ed,飭
04589,98fc,飼
04590,98f4,飴
04591,98fd,飽
04592,98fe,飾
04593,9903,餃
04594,9905,餅
04595,990c,餌
04596,9909,餉
04597,990a,養
04598,9913,餓
04599,9912,餒
04600,9918,餘
04601,9910,餐
04602,9928,館
04603,991e,餞
04604,991b,餛
04605,9921,餡
04606,9935,餵
04607,993e,餾
04608,993f,餿
04609,993d,餽
04610,9945,饅
04611,9952,饒
04612,9951,饑
04613,995c,饜
04614,995e,饞
04615,9996,首
04616,9999,香
04617,99a5,馥
04618,99a8,馨
04619,99ac,馬
04620,99ae,馮
04621,99ad,馭
04622,99b3,馳
04623,99b1,馱
04624,99b4,馴
04625,99c1,駁
04626,99dd,駝
04627,99d0,駐
04628,99df,駟
04629,99db,駛
04630,99d1,駑
04631,99d5,駕
04632,99d2,駒
04633,99d9,駙
04634,99ed,駭
04635,99e2,駢
04636,99f1,駱
04637,9a01,騁
04638,99ff,駿
04639,9a0e,騎
04640,9a16,騖
04641,9a19,騙
04642,9a2b,騫
04643,9a30,騰
04644,9a37,騷
04645,9a45,驅
04646,9a43,驃
04647,9a40,驀
04648,9a3e,騾
04649,9a55,驕
04650,9a5a,驚
04651,9a5b,驛
04652,9a57,驗
04653,9a5f,驟
04654,9a62,驢
04655,9a65,驥
04656,9a6a,驪
04657,9aa8,骨
04658,9aaf,骯
04659,9ab0,骰
04660,9ab7,骷
04661,9ab8,骸
04662,9abc,骼
04663,9acf,髏
04664,9ad2,髒
04665,9ad3,髓
04666,9ad4,體
04667,9ad8,高
04668,9ae6,髦
04669,9aee,髮
04670,9aef,髯
04671,9afb,髻
04672,9aed,髭
04673,9b03,鬃
04674,9b06,鬆
04675,9b0d,鬍
04676,9b1a,鬚
04677,9b22,鬢
04678,9b25,鬥
04679,9b27,鬧
04680,9b28,鬨
04681,9b31,鬱
04682,9b32,鬲
04683,9b3c,鬼
04684,9b41,魁
04685,9b42,魂
04686,9b45,魅
04687,9b44,魄
04688,9b4f,魏
04689,9b54,魔
04690,9b58,魘
04691,9b5a,魚
04692,9b77,魷
04693,9b6f,魯
04694,9b91,鮑
04695,9bae,鮮
04696,9bab,鮫
04697,9baa,鮪
04698,9bca,鯊
04699,9bc9,鯉
04700,9bfd,鯽
04701,9be8,鯨
04702,9be7,鯧
04703,9c13,鰓
04704,9c0d,鰍
04705,9c2d,鰭
04706,9c25,鰥
04707,9c49,鱉
04708,9c31,鰱
04709,9c3e,鰾
04710,9c3b,鰻
04711,9c54,鱔
04712,9c57,鱗
04713,9c56,鱖
04714,9c77,鱷
04715,9c78,鱸
04716,9ce5,鳥
04717,9ce9,鳩
04718,9cf4,鳴
04719,9cf6,鳶
04720,9cf3,鳳
04721,9d06,鴆
04722,9d09,鴉
04723,9d15,鴕
04724,9d23,鴣
04725,9d26,鴦
04726,9d28,鴨
04727,9d12,鴒
04728,9d1b,鴛
04729,9d3b,鴻
04730,9d3f,鴿
04731,9d51,鵑
04732,9d5d,鵝
04733,9d60,鵠
04734,9d89,鶉
04735,9d61,鵡
04736,9d72,鵲
04737,9d6a,鵪
04738,9d6c,鵬
04739,9daf,鶯
04740,9db4,鶴
04741,9dc2,鷂
04742,9dd3,鷓
04743,9dd7,鷗
04744,9de5,鷥
04745,9df9,鷹
04746,9dfa,鷺
04747,9e1a,鸚
04748,9e1e,鸞
04749,9e79,鹹
04750,9e7c,鹼
04751,9e7d,鹽
04752,9e7f,鹿
04753,9e82,麂
04754,9e8b,麋
04755,9e92,麒
04756,9e97,麗
04757,9e93,麓
04758,9e9d,麝
04759,9e9f,麟
04760,9ea5,麥
04761,9ea9,麩
04762,9eb4,麴
04763,9eb5,麵
04764,9ebb,麻
04765,9ebc,麼
04766,9ebe,麾
04767,9ec3,黃
04768,9ecd,黍
04769,9ece,黎
04770,9ecf,黏
04771,9ed1,黑
04772,58a8,墨
04773,9ed8,默
04774,9ed4,黔
04775,9ede,點
04776,9edc,黜
04777,9edd,黝
04778,9edb,黛
04779,9ee0,黠
04780,9ee8,黨
04781,9eef,黯
04782,9ef4,黴
04783,9ef7,黷
04784,9f07,鼇
04785,9f0e,鼎
04786,9f13,鼓
04787,9f15,鼕
04788,9f19,鼙
04789,9f20,鼠
04790,9f2c,鼬
04791,9f34,鼴
04792,9f3b,鼻
04793,9f3e,鼾
04794,9f4a,齊
04795,9f4b,齋
04796,9f52,齒
04797,9f5f,齟
04798,9f63,齣
04799,9f61,齡
04800,9f5c,齜
04801,9f66,齦
04802,9f6c,齬
04803,9f6a,齪
04804,9f77,齷
04805,9f72,齲
04806,9f8d,龍
04807,9f94,龔
04808,9f9c,龜
